Sr.NO,shortName,industry,ebitdaMargins,profitMargins,grossMargins,operatingCashflow,revenueGrowth,operatingMargins,ebitda,grossProfits,freeCashflow,currentPrice,earningsGrowth,currentRatio,returnOnAssets,debtToEquity,returnOnEquity,totalCash,totalDebt,totalRevenue,totalCashPerShare,financialCurrency,revenuePerShare,quickRatio,quoteType,symbol,enterpriseToRevenue,enterpriseToEbitda,forwardEps,sharesOutstanding,bookValue,trailingEps,priceToBook,heldPercentInsiders,enterpriseValue,earningsQuarterlyGrowth,pegRatio,forwardPE,marketCap
0,Apple Inc.,Consumer Electronics,0.33890998,0.26579002,0.43019,112241000448,0.112,0.309,128217997312,152836000000,80153247744,174.72,0.25,1.038,0.19875,170.714,1.45567,63913000960,122797998080,378323009536,3.916,USD,22.838,0.875,EQUITY,AAPL,7.692,22.697,6.56,16319399936,4.402,6.015,39.69105,0.0007,2910217830400,0.204,1.9,26.634148,2851325607936
1,Microsoft Corporation,Software—Infrastructure,0.49123,0.38498002,0.68825996,83909001216,0.201,0.42523998,90829996032,115856000000,46479876096,303.68,0.222,2.247,0.15248999,50.217,0.49051,125348003840,80353001472,184902991872,16.72,USD,24.585,2.05,EQUITY,MSFT,12.069,24.57,10.75,7496869888,21.335,9.389,14.233889,0.00059,2231653367808,0.214,1.87,28.249302,2276649336832
2,Alphabet Inc.,Internet Content & Information,0.35377,0.29512,0.5694,91651997696,0.324,0.30552,91144003584,146698000000,49490001920,2830.43,0.377,2.928,0.14493,11.329,0.32069,139649007616,28508000256,257637007360,211.278,USD,385.886,2.8,EQUITY,GOOG,6.83,19.307,136.06,315639008,380.044,112.197,7.4476376,0.00034000003,1759692062720,0.356,1.22,20.802807,1872632217600
3,Alphabet Inc.,Internet Content & Information,0.35377,0.29512,0.5694,91651997696,0.324,0.30552,91144003584,146698000000,49490001920,2833.46,0.377,2.928,0.14493,11.329,0.32069,139649007616,28508000256,257637007360,211.278,USD,385.886,2.8,EQUITY,GOOGL,6.838,19.329,135.95,300755008,380.044,112.197,7.4556103,0.077020004,1761694842880,0.356,1.22,20.841927,1871194226688
4,"Amazon.com, Inc.",Internet Retail,0.12595001,0.07101,0.42032,46327001088,0.094,0.052950002,59174998016,197478000000,-787249984,3295.47,0.975,1.136,0.041929998,100.864,0.28806,96048996352,139438997504,469822013440,188.759,USD,928.502,0.905,EQUITY,AMZN,3.662,29.071,72.85,508844000,271.601,64.81,12.133496,0.09884,1720271503360,0.983,1.93,45.236378,1676880117760
5,"Tesla, Inc.",Auto Manufacturers,0.15512,0.07403,0.23107,9930999808,0.568,0.09789,7266999808,6630000000,4644624896,1010.64,4.333,1.385,0.055370003,35.65,0.15641,16094999552,10158000128,46848000000,16.027,USD,48.272,1.002,EQUITY,TSLA,24.547,158.249,8.76,1004259968,26.945,3.062,37.507515,0.19959,1149996892160,3.888,2.52,115.369865,1014945284096
7,NVIDIA Corporation,Semiconductors,0.40203,0.33806,0.64398,8142000128,0.503,0.35454,9758999552,10557000000,5935249920,276.92,0.83,7.145,0.15934,49.697,0.41939998,19298000896,11827000320,24273999872,7.719,USD,9.75,6.437,EQUITY,NVDA,29.858,74.268,5.21,2492000000,9.512,3.243,29.112701,0.04079,724779008000,0.844,1.71,53.151634,690084642816
8,"Meta Platforms, Inc.",Internet Content & Information,0.46401,0.33383998,0.80794,57683001344,0.199,0.39645,54720000000,95280000000,28807624704,221.82,-0.052,3.154,0.17965001,11.574,0.31102,47998001152,14453999616,117929000960,17.634,USD,41.893,2.935,EQUITY,FB,4.586,9.884,14.23,2366279936,47.748,13.974,4.6456394,0.0053100004,540867395584,-0.083,1.13,15.588195,617050013696
9,UnitedHealth Group Incorporated,Healthcare Plans,0.086619996,0.05523,0.24284,25226000384,0.111,0.07857,24195999744,67000000000,24690499584,513.03,0.297,0.72,0.0679,62.929,0.21985,23871000576,46964998144,279320985600,25.345,USD,295.5,0.655,EQUITY,UNH,1.754,20.243,21.65,941851008,74.605,16.111,6.876617,0.00548,489802792960,0.288,1.84,23.696537,483197845504
10,Visa Inc.,Credit Services,0.69612,0.51592,0.97068,15946000384,0.241,0.66452,17735000064,23375000000,12081874944,218.43,0.291,1.395,0.13035,57.8,0.35584998,15921000448,20920000512,25476999168,7.591,USD,12.01,1.07,EQUITY,V,18.203,26.149,,,,,,0.0013600001,463753445376,0.266,,,
11,Johnson & Johnson,Drug Manufacturers—General,0.34803,0.22264,0.6827,23409999872,0.104,0.26923,32636999680,64020000000,18816999424,176.92,1.723,1.348,0.08842,46.946,0.30412,31608000512,34751000576,93775003648,12.022,USD,35.627,1.037,EQUITY,JNJ,4.467,12.836,10.38,2632600064,26.694,6.691,6.6277065,0.00086000003,418935472128,1.725,2.13,17.044315,465759600640
13,Walmart Inc.,Discount Stores,0.0639,0.02387,0.25099,24181000192,0.005,0.045289997,36600000512,143754000000,13358499840,143.45,,0.928,0.0652,62.382,0.15539,14759999488,57322999808,572753969152,5.33,USD,205.141,0.264,EQUITY,WMT,0.743,11.625,6.72,2773880064,29.616,2.84,4.8436656,0.47501,425459023872,,2.73,21.346725,397913096192
14,Procter & Gamble Company (The),Household & Personal Products,0.27021998,0.1852,0.49445,17972000768,0.061,0.23464,21170999296,39144000000,11721624576,152.83,0.126,0.672,0.09514,79.418,0.31092,11544000512,35653001216,78346002432,4.816,USD,32.166,0.441,EQUITY,PG,4.965,18.375,6.36,2419950080,18.7,5.472,8.172727,0.0011100001,389018681344,0.096,3.98,24.029875,369840979968
15,Exxon Mobil Corporation,Oil & Gas Integrated,0.16555999,0.08259,0.32276002,48128999424,0.794,0.09599,46186999808,90045000000,28528625664,85.2,,1.044,0.049840003,30.184,0.13889,6801999872,53028999168,278980984832,1.607,USD,65.259,0.692,EQUITY,XOM,1.341,8.103,5.88,4233540096,37.932,-1.386,2.2461245,0.00102,374239297536,,13.11,14.489795,363009933312
17,Mastercard Incorporated,Credit Services,0.58217996,0.46001998,1,9463000064,0.266,0.54374003,10993999872,18884000000,8458124800,349.02,0.355,1.288,0.18013,197.963,1.2473301,7894000128,14673000448,18883999744,8.076,USD,19.113,0.928,EQUITY,MA,19.041,32.706,10.53,974708992,6.814,8.13,51.221012,0.10855,359572045824,0.333,1.73,33.145298,342932029440
18,"Home Depot, Inc. (The)",Home Improvement Retail,0.17396,0.10791001,0.33718,14810000384,0.098,0.15505,25693999104,44853000000,9990124544,310.68,0.233,1.132,0.20454,4373.43,12.4031105,5066999808,45264998400,147699007488,4.852,USD,138.978,0.32,EQUITY,HD,3.191,18.343,16.19,1044240000,0.989,14.955,314.13547,0.00061,471301718016,0.203,1.95,19.189623,324424466432
19,Chevron Corporation,Oil & Gas Integrated,0.21459,0.10041001,0.42565,29199998976,0.846,0.09956,33392001024,66234000000,,169.31,,,,27.316,0.116450004,6032000000,37347000320,155606007808,3.129,USD,81.214,,EQUITY,CVX,1.877,8.748,9.51,1927689984,70.479,5.173,2.402276,0.00037,292123443200,,-2.98,17.803364,326377177088
20,"Pfizer, Inc.",Drug Manufacturers—General,0.39382,0.28684,0.65414,32291000320,1.344,0.32139,27306000384,33334000000,42431250432,52.78,4.468,1.385,0.07777,52.496,0.27747,29702000640,39879000064,69336997888,5.292,USD,12.407,1.088,EQUITY,PFE,4.565,11.592,49.43,5612870144,13.49,3.501,3.9125278,0.00037999998,316521611264,4.545,0.01,1.0677726,296247263232
21,AbbVie Inc.,Drug Manufacturers—General,0.50286996,0.20538001,0.69338,,0.074,0.34765,28259663872,38966000000,,161.33,248.779,,,594.66,0.86594003,12248999936,80737001472,56197001216,6.929,USD,31.625,,EQUITY,ABBV,5.808,11.55,13.97,1767879936,7.665,4.196,21.047619,0.00107,326395723776,111.333,2.38,11.548318,285212082176
22,Eli Lilly and Company,Drug Manufacturers—General,0.34789002,0.21515,0.76413,6919399936,0.18,0.29496,9656999936,19056500000,3820699904,289.02,-0.083,1.302,0.11108,215.45,0.92237,3852499968,17137099776,27758499840,4.249,USD,30.578,0.793,EQUITY,LLY,8.955,25.742,7.49,956592000,8.552,6.55,33.7956,0.0015199999,248588304384,-0.081,5.2,38.58745,276474200064
23,Coca-Cola Company (The),Beverages—Non-Alcoholic,0.35199,0.23313999,0.60723996,12855000064,0.161,0.31123,13306000384,19581000000,7007374848,61.53,0.425,1.516,0.07831,172.826,0.39722002,14871000064,41707999232,37802000384,3.443,USD,8.771,1.173,EQUITY,KO,7.651,21.735,2.43,4319419904,5.135,2.031,11.982472,0.00636,289208860672,0.423,2.72,25.320986,265773907968
24,Broadcom Inc.,Semiconductors,0.53639,0.24539,0.73908997,13763999744,0.145,0.31632,14723999744,20288000000,11868749824,628.87,0.521,2.641,0.07164,161.163,0.27556,12163000320,40272998400,27449999360,29.459,USD,66.951,2.266,EQUITY,AVGO,9.65,17.99,36.05,412873984,60.441,15,10.404692,0.02391,264887189504,0.502,1.38,17.444384,259644063744
25,Walt Disney Company (The),Entertainment,0.12761,0.029590001,0.33058,5567000064,0.26,0.051799998,8602999808,22287000000,7388250112,139.14,,1.083,0.0107700005,57.044,0.025390001,15959000064,58312998912,67418001408,8.78,USD,37.124,0.944,EQUITY,DIS,5.03,39.415,5.06,1817660032,48.709,1.094,2.8565562,0.00099,339088572416,,1.07,27.498024,252909207552
26,Costco Wholesale Corporation,Discount Stores,0.046350002,0.02543,0.12755999,9569000448,0.166,0.03744,9413000192,25245000000,687625024,555.71,0.137,1.015,0.07643,53.237,0.30563,13475999744,10115000320,203084005376,30.39,USD,458.227,0.462,EQUITY,COST,1.105,23.838,13.96,443432000,41.636,11.63,13.346864,0.00204,224390807552,0.136,4.42,39.80731,246419603456
27,"Pepsico, Inc.",Beverages—Non-Alcoholic,0.18109,0.10617,0.53927,11123999744,0.116,0.15435,13886000128,38637000000,4287749888,165.24,-0.03,0.945,0.079840004,258.017,0.55412996,6849999872,41257000960,76681003008,4.954,USD,55.546,0.654,EQUITY,PEP,3.574,19.735,6.74,1382649984,11.484,5.87,14.388715,0.00135,274041962496,-0.029,2.85,24.516321,228469096448
28,"Cisco Systems, Inc.",Communication Equipment,0.31235,0.2244,0.63726,14785000448,0.081,0.27665,15864000512,31894000000,10929999872,54.97,0.373,1.618,0.09196,25.032,0.28190002,23352000512,10689000448,50788999168,5.537,USD,12.038,1.408,EQUITY,CSCO,4.227,13.532,3.68,4217609984,10.126,2.69,5.4285994,0.0007,214665986048,0.371,2.73,14.9375,231842021376
29,Thermo Fisher Scientific Inc,Diagnostics & Research,0.32687,0.19701,0.51603,9543000064,0.014,0.26077,12817000448,20234000000,5478624768,574.29,-0.331,1.504,0.07801,85.097,0.20476,4477000192,34870001664,39210999808,11.363,USD,99.52,0.933,EQUITY,TMO,6.206,18.986,21.73,394048000,98.237,21.544,5.845964,0.00207,243341983744,-0.336,2.23,26.42844,226297823232
30,Oracle Corporation,Software—Infrastructure,0.44465,0.24788,0.79958,10254999552,0.057,0.38564,18407999488,32624000000,9675875328,81.73,,1.646,0.092,,,22837999616,78431002624,41399001088,8.552,USD,14.754,1.446,EQUITY,ORCL,6.288,14.141,5.26,2670449920,-3.782,3.543,,0.41914,260298489856,,1.91,15.538023,218255884288
31,Accenture plc,Information Technology Services,0.16804,0.11533,0.32348,7903174144,0.272,0.15195,9030121472,16364128000,6319962112,327.71,0.197,1.223,0.124560006,16.607,0.31948,5644085248,3477277952,53736357888,8.931,USD,84.725,1.101,EQUITY,ACN,4.198,24.983,10.45,632001024,32.2,9.613,10.177329,0.00123,225603960832,0.194,3.82,31.359808,207279521792
32,Verizon Communications Inc.,Telecom Services,0.37467,0.16419001,0.58188,40457998336,0.043,0.25285998,50295001088,77091000000,-24466874368,51.28,0.473,0.974,0.06523,228.038,0.31167,10152999936,178984992768,134238003200,2.452,USD,32.413,0.799,EQUITY,VZ,2.918,7.787,5.4,4197760000,18.609,5.32,2.755656,0.00016000001,391651557376,0.471,2.62,9.496296,215261134848
33,Salesforce.com Inc,Software—Application,0.13629,0.06961,0.74017996,6192000000,0.266,0.03887,3404999936,15814000000,8601624576,211.03,-0.591,1.061,0.00828,25.131,0.035720002,9390999552,14337999872,24982999040,9.534,USD,26.634,0.892,EQUITY,CRM,8.395,61.594,4.71,985000000,57.982,1.818,3.6395779,0.03408,209728503808,-0.567,5.29,44.80467,207864545280
34,Comcast Corporation,Entertainment,0.2935,0.12731,0.66587996,26499000320,0.187,0.17506,33387999232,70443000000,10249124864,47.13,0.955,1.026,0.04559,104.661,0.15312,11806000128,102385999872,113757003776,2.584,USD,24.781,0.889,EQUITY,CMCSA,2.868,9.772,3.69,4559479808,20.964,3.109,2.2481396,0.00676,326278709248,0.999,0.87,12.772358,215333208064
35,Intel Corporation,Semiconductors,0.42865002,0.25142,0.55445,29991000064,0.028,0.27943,33873999872,43815000000,1480125056,51.83,-0.209,2.102,0.08586001,40.508,0.22522,28412999680,38641000448,79023996928,6.978,USD,19.469,1.38,EQUITY,INTC,2.584,6.028,3.7,4067000064,22.151,5.158,2.3398495,0.0007,204177358848,-0.211,3.18,14.008108,210792628224
36,Abbott Laboratories,Medical Devices,0.29229,0.17122,0.5685,11264000000,0.234,0.20906,12366000128,19611000000,8126875136,118.95,0.696,1.826,0.0774,53.112,0.21862,9692000256,18396999680,42308001792,5.481,USD,23.815,1.251,EQUITY,ABT,5.885,20.136,4.76,1768290048,19.466,4.03,6.1106544,0.00728,249001328640,0.705,2.03,24.989494,210338103296
37,"Nike, Inc.",Footwear & Accessories,0.17238002,0.13322,0.45981,7169999872,0.01,0.15739,7982000128,20001000000,4678624768,133.7,0.064,3.068,0.12352,85.252,0.48263,15102999552,12723000320,46306000896,9.551,USD,29.3,2.128,EQUITY,NKE,4.736,27.473,4.82,1277810048,9.431,3.81,14.176652,0.012209999,219285979136,0.069,2.89,27.738588,211623018496
38,Danaher Corporation,Diagnostics & Research,0.35092998,0.21841,0.61304003,8358000128,0.205,0.27732,10336000000,18056000000,5476250112,287.53,0.444,1.431,0.06407,51.513,0.14942001,2585999872,23271999488,29453000704,3.615,USD,41.216,0.887,EQUITY,DHR,7.202,20.522,10.14,714577024,56.239,7.882,5.112644,0.111379996,212116029440,0.441,1.46,28.356014,205462323200
39,Adobe Inc.,Software—Infrastructure,0.41681,0.30548,0.88185,,0.2,0.36756,6579333120,13920000000,,431.62,-0.445,1.248,0.14076,31.581,0.34368,5798000128,4672999936,15784999936,12.181,USD,33.092,1.107,EQUITY,ADBE,15.908,38.165,16.25,475800000,31.086,10.02,13.8847065,0.00312,251102642176,-0.452,2.62,26.56123,205364789248
40,"Merck & Company, Inc.",Drug Manufacturers—General,0.40027002,0.13681,0.72669,13084000256,0.204,0.33821,21056999424,34572000000,9870499840,81.34,0.548,1.309,0.12133,73.728,0.26036,10042000384,26441000960,52607000576,3.976,USD,20.787,0.869,EQUITY,MRK,4.011,10.02,7.2,2525939968,14.174,2.834,5.738676,0.00072999997,210990940160,0.553,0.87,11.297222,205459947520
42,"United Parcel Service, Inc.",Integrated Freight & Logistics,0.11517999,0.06832,0.19872,12936999936,0.092,0.08434,10874000384,11490000000,3207875072,215.35,0.183,1.476,0.07768,212.383,0.73033994,10560000000,25607000064,94411997184,12.15,USD,108.147,1.381,EQUITY,UPS,2.16,18.753,12.1,729158016,13.856,7.355,15.542004,0.00007,203918901248,0.19,1.07,17.79752,187169734656
43,McDonald's Corporation,Restaurants,0.50558996,0.32490003,0.54172003,9141499904,0.131,0.42515,11741200384,12580200000,5830362624,241.58,0.189,1.778,0.1159,,,4709499904,49353199616,23222900736,6.334,USD,31.117,1.72,EQUITY,MCD,9.105,18.009,10.14,747244992,-7.595,9.7,,0.00054000004,211452067840,0.19,1.32,23.824457,180519452672
44,QUALCOMM Incorporated,Semiconductors,0.35384,0.27714002,0.58164,9418000384,0.3,0.30877,12750999552,19304000000,8092250112,157.97,0.406,1.648,0.17321,138.975,1.06739,11310000128,15749999616,36036001792,10.035,USD,31.933,1.25,EQUITY,QCOM,4.817,13.615,11.64,1120000000,8.844,7.87,17.861828,0.00154,173602701312,0.385,0.68,13.571305,176926408704
45,Union Pacific Corporation,Railroads,0.53068,0.29916,0.58462,9031999488,0.115,0.42942002,11571000320,12747000000,4763749888,273.38,0.299,0.618,0.092939995,222.357,0.41923,1006000000,31488000000,21803999232,1.58,USD,33.35,0.475,EQUITY,UNP,8.469,15.96,11.38,642876032,21.597,9.335,12.658239,0.0023,184668864512,0.24,1.52,24.022848,175749447680
47,Texas Instruments Incorporated,Semiconductors,0.54072,0.42352,0.67466,8755999744,0.185,0.49181998,9918999552,12376000000,4189750016,184.9,0.26,5.327,0.25615,61.547,0.68996,9738999808,8206000128,18343999488,10.545,USD,19.874,4.453,EQUITY,TXN,8.474,15.672,8.23,923526016,13.159,7.788,14.051219,0.0019200001,155451523072,0.267,2.41,22.466587,170759962624
48,AT&T Inc.,Telecom Services,0.30548,0.0066500003,0.52233005,40784998400,-0.057,0.18632,53029998592,91840000000,41733750784,23.84,1.114,0.701,0.03724,115.572,0.01368,21334999040,209535991808,173596999680,2.988,USD,24.238,0.511,EQUITY,T,2.263,7.409,3.21,7141000192,22.937,0.129,1.0393687,0.00093000004,392898609152,1.102,2.17,7.426791,170241441792
49,"Netflix, Inc.",Entertainment,0.23376,0.17639999,0.43218,658211968,0.163,0.22760001,6693351936,9719737000,14542671872,373.85,0.833,1.17,0.10012,117.578,0.39387,7526681088,18006607872,28632967168,16.992,USD,64.657,1.032,EQUITY,NFLX,9.511,40.687,13.09,442952000,34.574,11.091,10.813039,0.01497,272331112448,0.834,1.29,28.559969,165597609984
51,"NextEra Energy, Inc.",Utilities—Regulated Electric,0.42733002,0.14399,0.50493,7587999744,-0.087,0.17243,7016000000,10707000000,-10548374528,83.94,-0.633,0.468,0.0133299995,123.733,0.03873,692000000,55340998656,16417999872,0.353,USD,8.369,0.222,EQUITY,NEE,14.071,32.927,2.74,1962140032,18.678,0.614,4.4940577,0.0015700001,231018496000,-0.636,3.6,30.635036,164702044160
52,Linde plc,Specialty Chemicals,0.32959,0.12425,0.43028998,9724999680,0.141,0.17907,10149000192,13250000000,6089124864,318.74,0.364,0.745,0.04058,31.265,0.08326,2823000064,14206999552,30793000960,5.522,USD,59.573,0.547,EQUITY,LIN,5.309,16.107,10.32,512555008,86.475,6.796,3.6859207,0.00206,163466002432,0.332,,30.885658,163371778048
53,Bristol-Myers Squibb Company,Drug Manufacturers—General,0.44366002,0.15078,0.79871005,16206999552,0.083,0.21174999,20579000320,37048000000,13574250496,73.28,,1.521,0.0539,126.634,0.18985,17220999168,45596000256,46385000448,7.901,USD,20.885,1.36,EQUITY,BMY,3.79,8.542,7.84,2219640064,16.765,-2.42,4.3710113,0.00068999996,175783591936,,1.39,9.346938,162655223808
54,"T-Mobile US, Inc.",Telecom Services,0.32923,0.03774,0.56848997,13916999680,0.022,0.12474,26377000960,45546000000,-246000000,124.29,-0.428,0.889,0.03071,157.473,0.04498,6631000064,108816998400,80117997568,5.308,USD,64.241,0.672,EQUITY,TMUS,3.197,9.711,3.24,1249049984,54.784,2.66,2.268728,0.52609,256136003584,-0.437,1.15,38.36111,155244429312
55,Raytheon Technologies Corporati,Aerospace & Defense,0.17265,0.051960003,0.18392,5288999936,0.099,0.10105,11009000448,9017000000,4755749888,102.43,4.298,1.23,0.02508,44.935,0.05017,7475999744,32789000192,63763001344,4.991,USD,42.422,0.818,EQUITY,RTX,2.538,14.698,4.99,1496780032,47.605,2.2,2.1516647,0.00112,161814953984,4.277,0.94,20.527056,153315180544
56,"Lowe's Companies, Inc.",Home Improvement Retail,0.15587,0.08625,0.33075002,8743000064,0.027,0.13666001,14842000384,29582000000,5926374912,212.92,2,1.193,0.16221,,6.57829,6706999808,30948999168,95221997568,9.955,USD,133.88,0.342,EQUITY,LOW,2.093,13.427,12.9,673747008,-2.297,11.467,,0.00055,199288258560,1.74,1.3,16.505426,143454208000
57,"Advanced Micro Devices, Inc.",Semiconductors,0.24674,0.19240999,0.48248002,3520999936,0.488,0.22198,4055000064,7929000000,3122749952,119.67,-0.454,2.024,0.21327,9.764,0.47428,3608000000,732000000,16433999872,3.008,USD,13.548,1.49,EQUITY,AMD,8.085,32.765,3.34,1207609984,5.888,3.242,20.324389,0.00426,132861157376,-0.453,1.55,35.82934,144514678784
58,Philip Morris International Inc,Tobacco,0.45734,0.29247,0.68141,11096999936,0.091,0.42511,14060999680,19125000000,8760999936,93.45,0.049,0.998,0.2024,,,4490999808,29105000448,30744999936,2.885,USD,19.737,0.485,EQUITY,PM,5.741,12.554,6.43,1556829952,-6.773,5.74,,0.00191,176517775360,0.052,1.44,14.533437,145485758464
60,Medtronic plc.,Medical Devices,0.30181,0.14793,0.67627,7161999872,0.026,0.21662001,9596999680,19762000000,5072875008,108.46,1.694,2.913,0.045879997,49.125,0.09233,10668999680,25622999040,31797999616,7.935,USD,23.628,2.071,EQUITY,MDT,4.958,16.428,6.16,1344560000,38.659,3.468,2.8055563,0.00234,157658562560,1.681,1.63,17.607143,145830969344
61,CVS Health Corporation,Healthcare Plans,0.06276,0.02668,0.17351,17827000320,0.1,0.04679,17824000000,48248000000,14704874496,108.56,0.29,0.94,0.03551,105.414,0.10556,12840999936,78658002944,283980988416,9.721,USD,215.709,0.589,EQUITY,CVS,0.718,11.439,8.27,1320060032,56.251,5.729,1.9299213,0.00159,203894095872,0.306,2.27,13.126964,143305719808
62,S&P Global Inc.,Financial Data & Stock Exchanges,0.56767,0.36446998,0.73544997,3598000128,0.118,0.54622,4710000128,6102000000,2827249920,413.47,0.487,2.309,0.20552999,89.812,0.73425,6508000256,4972000256,8296999936,26.993,USD,34.456,2.138,EQUITY,SPGI,11.443,20.158,14.63,241000000,7.656,11.599,54.00601,0.00169,94945804288,0.487,3.61,28.261791,99646267392
63,ConocoPhillips,Oil & Gas E&P,0.42903998,0.17315,0.49155998,16995999744,1.771,0.27435,20018999296,22936000000,10509124608,107.5,,1.335,0.10439,45.371,0.21471001,6591000064,20600999936,46660001792,5.072,USD,35.237,1.103,EQUITY,COP,2.744,6.395,7.8,1318950016,33.447,3.687,3.2140403,0.00089,128017498112,,-7.27,13.782051,141787119616
64,"PayPal Holdings, Inc.",Credit Services,0.21124001,0.20086001,0.47824,5923999744,0.132,0.17388001,5190000128,10001000000,3478000128,113.76,0.07,1.298,0.038110003,43.902,0.24299999,13292000256,9697999872,24568999936,11.313,USD,20.932,0.337,EQUITY,PYPL,8.994,42.578,5.27,1174930048,18.816,4.159,6.0459185,0.0012899999,220982149120,0.065,2.02,21.586338,133660041216
65,Honeywell International Inc.,Conglomerates,0.25206,0.15802,0.3234,6157000192,0.087,0.21779,8730000384,10468000000,4935000064,197.79,0.682,1.288,0.073860005,122.846,0.30444,12135999488,22261000192,34635001856,17.629,USD,49.784,0.967,EQUITY,HON,4.455,17.673,8.98,688422976,25.917,7.77,7.63167,0.00087,154284408832,0.658,2.27,22.025614,136163172352
66,Amgen Inc.,Drug Manufacturers—General,0.47642,0.21767999,0.75421995,8606000128,0.044,0.34998,12275999744,19265000000,7394749952,238.79,-0.035,1.643,0.08696,457.332,0.585,12920999936,37579001856,25767000064,22.939,USD,44.89,1.192,EQUITY,AMGN,6.068,12.738,17.95,563265984,14.543,9.701,16.419582,0.00214,156366471168,-0.068,2.28,13.303063,134502277120
67,Deere & Company,Farm & Heavy Construction Machinery,0.20566,0.13566,0.27728,7726000128,0.16,0.18414,9040000000,12188000000,1230499968,436.45,0.724,2.192,0.06355,264.864,0.3802,7434999808,48824999936,43955998720,24.186,USD,141.065,1.94,EQUITY,DE,3.673,17.86,25.12,307407008,59.828,18.99,7.2950797,0.00139,161453981696,0.693,1.34,17.374601,134167789568
68,Intuit Inc.,Software—Application,0.28012,0.20277001,0.82689005,3350000128,0.517,0.24396999,2889999872,8000000000,2693625088,459.35,0.093,2.099,0.12802,25.758,0.27934,3249999872,2507000064,10316999680,11.477,USD,37.861,1.764,EQUITY,INTU,16.899,60.327,13.64,283167008,35.623,7.581,12.894759,0.02809,174345699328,0.152,3.04,33.676685,130072764416
69,"Applied Materials, Inc.",Semiconductor Equipment & Materials,0.33174,0.25530002,0.47374,5441999872,0.306,0.31465998,7650999808,10926000000,3319124992,137.06,0.533,2.539,0.18829,46.975,0.51593,5458999808,5752999936,23062999040,6.144,USD,25.344,1.673,EQUITY,AMAT,5.936,17.892,8.85,888513024,13.73,6.4,9.98252,0.00241,136894029824,0.514,1.17,15.487004,121779593216
70,"Anthem, Inc.",Healthcare Plans,0.06538,0.041220002,0.25909,10504999936,0.15,0.05925,8753000448,33823000000,7365374976,480.76,6.046,1.476,0.05371,66.276,0.15835,33956999168,23732000768,133883002880,139.905,USD,546.238,1.327,EQUITY,ANTM,0.755,11.545,28.65,242715008,147.158,22.228,3.2669647,0.0020299999,101050580992,5.797,1.31,16.780455,116687667200
71,Lockheed Martin Corporation,Aerospace & Defense,0.13439,0.094189994,0.13569,9221000192,0.041,0.11665,9009999872,9097000000,4841500160,453.66,0.171,1.416,0.09624,119.555,0.74307,3604000000,13102000128,67043999744,13.234,USD,242.562,1.154,EQUITY,LMT,2.035,15.144,26.28,275785984,35.15,21.709,12.906401,0.00081,136443199488,0.143,3.22,17.262556,125113073664
72,"Caterpillar, Inc.",Farm & Heavy Construction Machinery,0.18108,0.12731,0.29434,7198000128,0.228,0.13494,9230000128,15003000000,5983750144,223.36,1.764,1.456,0.05336,228.802,0.40715998,9253999616,37788999680,50971000832,17.178,USD,93.697,0.892,EQUITY,CAT,2.713,14.98,10.9,540942016,30.807,9.348,7.2503004,0.00196,138267869184,1.718,0.65,20.491743,120824807424
73,International Business Machines,Information Technology Services,0.21030001,0.06401,0.48443002,16112000000,0.003,0.119849995,15658999808,35575000000,12530875392,131.35,-0.338,0.836,0.03739,263.801,0.21405001,8055000064,58978000896,74461003776,8.982,USD,83.234,0.65,EQUITY,IBM,2.348,11.165,10.3,896320000,24.786,5.283,5.299363,0.00133,174828388352,-0.335,2.07,12.752427,117731639296
74,"ServiceNow, Inc.",Software—Application,0.122770004,0.03986,0.7726,2032599040,0.312,0.04336,679244032,3532371000,2109631104,561.87,4.167,1.131,0.01745,63.016,0.071040004,3031000064,2227000064,5532484096,15.232,USD,28.162,1.004,EQUITY,NOW,21.577,175.75,7.22,199000000,17.759,1.091,31.638603,0.0038400001,119377043456,3.846,3.88,77.821335,111812132864
75,"Prologis, Inc.",REIT—Industrial,0.68964,0.40218,0.75181,2883645952,0.102,0.36385,3383100928,3566001000,4072106752,157.33,1.415,0.848,0.01978,47.759,0.05886,585070976,17554874368,4905615872,0.791,USD,6.637,0.403,EQUITY,PLD,28.603,41.476,2.31,739326976,43.881,2.644,3.5853786,0.00504,140316753920,1.39,-11.62,68.10823,116318314496
77,"BlackRock, Inc.",Asset Management,0.41139,0.30972,0.50816,5006000128,0.156,0.38963002,7712000000,8266000000,5881375232,741.04,0.228,1.427,0.02727,21.949,0.16974,7157000192,8421000192,18745999360,47.111,USD,122.998,0.625,EQUITY,BLK,7.583,18.433,42.25,151916992,242.236,37.607,3.0591655,0.01071,142154465280,0.232,1.8,17.539408,112576561152
79,Boeing Company (The),Aerospace & Defense,0.02631,-0.06746,0.08625,-3416000000,-0.033,-0.00811,1639000064,5372000000,-622875008,188.95,,1.325,-0.00217,,,16243999744,59640999936,62286000128,27.863,USD,105.929,0.337,EQUITY,BA,2.683,101.952,4.76,587699008,-24.58,-14.511,,0.00095,167099318272,,-5.13,39.695377,111045722112
80,American Tower Corporation (REI,REIT—Specialty,0.63285,0.27445,0.72116,5273299968,0.219,0.39266,5717300224,5814300000,5150612480,240.69,0.519,0.773,0.04348,434.983,0.34478,3277199872,42142900224,9034200064,7.196,USD,20.135,0.668,EQUITY,AMT,19.03,30.07,5.46,455414016,11.882,5.507,20.256691,0.00306,171920228352,0.557,2.96,44.082417,109613596672
81,"Charter Communications, Inc.",Entertainment,0.39200002,0.08396,0.44784,16161999872,0.092,0.20658001,20028999680,21198000000,6336875008,558.26,0.667,0.286,0.04602,417.43,0.17694001,466000000,89856000000,51093999616,2.599,USD,270.338,0.254,EQUITY,CHTR,4.03,10.281,31.27,179291008,94.985,21.943,5.877349,0.3186,205917814784,0.495,0.77,17.852894,100091002880
82,General Electric Company,Specialty Industrial Machinery,0.09193,-0.00052,0.18652001,4557000192,-0.005,0.022550002,7228000256,13514000000,7676375040,94.02,,1.796,0.00451,169.123,0.048779998,20795000832,65891999744,78621999104,18.937,USD,71.711,0.855,EQUITY,GE,1.98,21.542,3.97,1098140032,34.122,-0.419,2.7554069,0.00242,155708882944,,6.96,23.68262,103247118336
83,"Intuitive Surgical, Inc.",Medical Instruments & Supplies,0.37273997,0.29852,0.69324994,2089400064,0.167,0.31891,2128400000,3958500000,1597325056,286.87,0.024,5.083,0.09207,0.728,0.15919,4230899968,87000000,5710099968,11.827,USD,16.035,4.456,EQUITY,ISRG,17.62,47.272,5.57,357236992,31.945,4.638,8.980122,0.0101,100614602752,0.042,4.15,51.50269,102480576512
84,Target Corporation,Discount Stores,0.10804,0.06562,0.29459,9077999616,0.133,0.08299,11166000128,27384000000,5191249920,218.61,0.512,0.967,0.10204001,112.287,0.50011003,5765000192,15498999808,103348002816,12.032,USD,209.08,0.247,EQUITY,TGT,0.982,9.091,13.38,479124000,28.702,13.587,7.6165423,0.0018099999,101510184960,0.467,1.19,16.338566,104741298176
85,Starbucks Corporation,Restaurants,0.21246,0.14468999,0.2874,6024300032,0.193,0.16233,6450699776,8435400000,4055624960,87.45,0.303,0.813,0.104770005,,,4056800000,23747500032,30361600000,3.527,USD,25.812,0.584,EQUITY,SBUX,4.06,19.108,,,,,,0.00174,123259109376,0.311,,,
86,"Estee Lauder Companies, Inc. (T",Household & Personal Products,0.23202999,0.17829001,0.76198,3192000000,0.233,0.19226,3955000064,12391000000,2091874944,274.89,0.324,1.783,0.10375,114.934,0.53243,4004000000,7996000256,17045000192,11.124,USD,46.966,1.179,EQUITY,EL,8.138,35.074,8.53,231704992,16.861,8.248,16.303305,0.00737,138718035968,0.323,3.39,32.22626,98945835008
87,Stryker Corporation,Medical Devices,0.278,0.113979995,0.65672994,3500000000,0.113,0.21951,4633999872,9158000000,3139749888,266,-0.301,2.126,0.06885,92.093,0.13989,2639000064,13057000448,16668999680,6.996,USD,44.259,1.226,EQUITY,SYK,6.911,24.861,10.17,377240000,37.584,4.968,7.07748,0.07317,115203940352,-0.295,2.29,26.15536,100345839616
88,"Altria Group, Inc.",Tobacco,0.5759,0.13164,0.65674,8282999808,-0.026,0.56380004,12140000256,13488000000,6223374848,53.62,,0.742,0.17232001,,2.7119799,2956999936,28127000576,21080000512,1.61,USD,11.387,0.369,EQUITY,MO,5.593,9.712,4.83,1836989952,-0.689,1.494,,0.001,117905457152,,2.06,11.101449,98499395584
89,Booking Holdings Inc. Common St,Travel Services,0.22017999,0.04145,0.74974996,1964000000,0.771,0.17276,2028999936,4852000000,2417874944,2247.93,-0.046,2.483,0.04375,208.007,0.07305,12165000192,11534000128,9214999552,296.249,USD,224.697,2.374,EQUITY,BKNG,10.916,49.575,100.38,41059800,135.035,9.25,16.647017,0.0023999999,100587618304,-0.04,0.27,22.394201,92299550720
90,"Automatic Data Processing, Inc.",Staffing & Employment Services,0.26082,0.1748,0.4493,3120600064,0.089,0.22843,4094000128,6768100000,3923987456,219.04,0.093,1.041,0.04133,68.328,0.50117,1764700032,3450299904,15696600064,4.201,USD,37.143,0.092,EQUITY,ADP,5.671,21.742,7.47,421384000,12.679,6.32,17.27581,0.00102,89013010432,0.072,2.58,29.322624,92299952128
91,Chubb Limited,Insurance—Property & Casualty,0.20179,0.21836,0.28234,11093000192,0.14,0.19464001,8146999808,7110000000,12054750208,217.78,0.589,0.342,0.025390001,32.666,0.15235,5149000192,19377000448,40372998144,11.954,USD,90.617,0.152,EQUITY,CB,2.567,12.719,14.45,430740992,137.668,19.67,1.5819217,0.00472,103619739648,0.535,0.52,15.0712805,93806772224
92,Zoetis Inc.,Drug Manufacturers—Specialty & Generic,0.41242,0.26196,0.70486,2212999936,0.089,0.36150002,3207000064,5481000000,1407874944,189.43,0.159,3.856,0.12773,149.472,0.48911998,3496999936,6792000000,7776000000,7.409,USD,16.393,2.577,EQUITY,ZTS,12.371,29.996,5.19,473126016,9.884,4.149,19.165318,0.00236,96198688768,0.153,3.84,36.499035,89624256512
93,CME Group Inc.,Financial Data & Stock Exchanges,0.64274,0.52596,1,2394400000,0.028,0.55389,2975899904,4870300000,1755924992,247.72,1.243,1.008,0.01026,14.81,0.08975001,1569699968,4040499968,4630000128,4.368,USD,12.926,0.014,EQUITY,CME,18.054,28.089,7.33,359396000,76.084,6.78,3.255875,0.0044,83590815744,1.25,6.61,33.79536,89030320128
94,"Micron Technology, Inc.",Semiconductors,0.50606,0.24861999,0.41531,14439000064,0.332,0.29005,14988999680,10472000000,1410875008,78.1,1.873,3.101,0.093430005,16.561,0.17163,9580000256,7602999808,29618999296,8.555,USD,26.422,2.277,EQUITY,MU,2.795,5.523,11.51,1120169984,41.026,6.461,1.9036708,0.00193,82790129664,1.872,0.45,6.7854037,87485276160
95,"Analog Devices, Inc.",Semiconductors,0.38916,0.18999,0.61831003,2735068928,0.533,0.24232,2848005888,4525012000,1119481856,165.63,-0.855,1.941,0.03004,18.736,0.055630002,1977964032,7118233088,7318285824,3.765,USD,18.413,1.241,EQUITY,ADI,12.89,33.122,8.51,525331008,72.321,3.46,2.2902062,0.0021,94330912768,-0.804,1.57,19.462984,87010574336
96,"Mondelez International, Inc.",Confectioners,0.21834,0.15702,0.3982,4368999936,0.078,0.17813998,6192000000,10446000000,3557750016,61.52,0.141,0.733,0.047280002,73.834,0.16312,3400999936,20491999232,28359999488,2.438,USD,20.092,0.472,EQUITY,MDLZ,3.873,17.739,3.1,1394969984,19.857,3.141,3.0981517,0.00121,109842898944,0.124,2.62,19.845161,85818556416
97,3M Company,Conglomerates,0.28613,0.16764,0.48024,7964000256,0.071,0.23218,10108000256,15685000000,5780874752,150.46,0,1.705,0.10945,130.812,0.44799998,5734000128,19007000576,35326001152,9.95,USD,60.915,1.105,EQUITY,MMM,3.318,11.595,10.37,576252992,25.093,10.111,5.9960947,0.00119,117201043456,0.003,2.37,14.509162,86703030272
99,Duke Energy Corporation (Holdin,Utilities—Regulated Electric,0.47160998,0.12795,0.50060004,9317000192,0.034,0.24066,11422999552,11596000000,-2255249920,109.13,0.031,0.607,0.02219,128.981,0.05598,552000000,66090000384,24220999680,0.717,USD,31.765,0.256,EQUITY,DUK,6.151,13.043,5.47,769342976,61.567,3.91,1.7725405,0.00106,148990803968,0.077,7.89,19.95064,83958398976
100,"Marsh & McLennan Companies, Inc",Insurance Brokers,0.27745,0.15858,0.43945998,3516000000,0.163,0.23976,5498999808,8710000000,3870500096,166.11,1.145,1.242,0.08808,117.287,0.30993,1752000000,13162000384,19819999232,3.485,USD,39.093,1.146,EQUITY,MMC,4.437,15.993,6.73,504895008,19.257,5.29,8.625955,0.00122,87947853824,1.147,2.11,24.68202,83868106752
102,CSX Corporation,Railroads,0.54723,0.3026,0.54723,4953999872,0.243,0.42918998,6522999808,5795000000,2324624896,36.92,0.344,1.718,0.080369994,128.113,0.27854002,2179000064,16874999808,11920000000,0.982,USD,5.254,1.545,EQUITY,CSX,8.2,14.985,1.78,2217979904,5.935,1.589,6.220724,0.00125,97746296832,0.315,1.38,20.741571,81887813632
103,"HCA Healthcare, Inc.",Medical Care Facilities,0.21505,0.11328,0.3859,2932999936,0.148,0.16699,12469000192,19230000000,-2138125056,260.08,2.59,1.377,0.12033,1866.301,4.74392,1139000064,34059999232,57981001728,3.662,USD,175.292,0.995,EQUITY,HCA,2.007,9.334,18.7,311023008,-2.217,19.533,,0.22935,116390903808,2.397,0.93,13.90802,80890863616
105,Lam Research Corporation,Semiconductor Equipment & Materials,0.33055001,0.27072,0.46186,3403175936,0.355,0.31061,5207305216,6805306000,1959992704,554.82,0.479,3.269,0.19974001,85.83,0.7589,4611622912,4995332096,15753535488,32.753,USD,110.375,2.349,EQUITY,LRCX,6.388,19.325,36.65,140799008,41.332,29.588,13.423497,0.00209,100632379392,0.433,1.28,15.138335,78118109184
106,Cigna Corporation,Healthcare Plans,0.0596,0.049200002,0.13713,7209999872,0.082,0.04848,10154999808,24356000000,9887625216,243.58,0.27,0.7,0.03285,73.536,0.17627001,4816999936,34916999168,170397007872,14.534,USD,493.034,0.58,EQUITY,CI,0.624,10.478,22.46,331428000,143.075,24.027,1.7024637,0.01501,106403020800,0.168,1.04,10.845058,80729235456
107,Intercontinental Exchange Inc.,Financial Data & Stock Exchanges,0.60728,0.43815,1,3196000000,0.277,0.48889,4236999936,6036000000,2654249984,135.26,0.577,1.006,0.0153,66.88,0.1503,1319000064,14499000320,6976999936,2.341,USD,12.404,0.024,EQUITY,ICE,12.733,20.967,5.55,563404032,38.361,5.421,3.5259767,0.0133299995,88835620864,0.623,2.3,24.37117,76206022656
108,Crown Castle International Corp,REIT—Specialty,0.56987,0.17287001,0.68565005,2727000064,0.108,0.31909,3612999936,4347000000,1362749952,177.58,-0.299,0.619,0.0325,327.065,0.13071,292000000,27008999424,6339999744,0.676,USD,14.676,0.458,EQUITY,CCI,16.202,28.43,3.31,432203008,19.704,2.871,9.012383,0.00489,102717612032,-0.305,4.34,53.649548,76750610432
109,"Becton, Dickinson and Company",Medical Instruments & Supplies,0.27864,0.103319995,0.47294,4647000064,0.073,0.16639,5641999872,9576000000,3650500096,265.67,1.406,1.334,0.03904,76.361,0.088190004,2295000064,18080000000,20248000512,8.08,USD,69.993,0.723,EQUITY,BDX,4.479,16.073,13.68,285043008,83.223,6.85,3.1922667,0.00773,90681180160,1.07,2.23,19.420322,75727380480
110,"Freeport-McMoRan, Inc.",Copper,0.45992002,0.18849,0.47332,7714999808,0.371,0.36301,10506999808,10813000000,6041874944,51.93,0.538,2.517,0.11497,42.439,0.25739,8182000128,9768999936,22844999680,5.624,USD,15.583,1.684,EQUITY,FCX,3.455,7.512,3.55,1468470016,9.096,2.641,5.709103,0.00696,78927970304,0.562,0.48,14.628169,76257648640
111,"Gilead Sciences, Inc.",Drug Manufacturers—General,0.54316,0.26905,0.83022004,10094999552,0.128,0.47249,14926999552,20998000000,8185874944,58.91,6.147,1.366,0.12683,128.946,0.37846002,6608999936,27686000640,27481999360,5.269,USD,21.876,1.091,EQUITY,GILD,4.063,7.48,6.8,1254380032,17.108,5.844,3.4434183,0.00095,111657033728,6.2,6.77,8.663235,73895526400
112,Southern Company (The),Utilities—Regulated Electric,0.34855,0.10353,0.4353,6168999936,0.127,0.17665,8056000000,10061000000,-2179624960,70.93,,0.821,0.020380002,170.415,0.07048,1798000000,55499001856,23113000960,1.696,USD,21.784,0.436,EQUITY,SO,5.626,16.143,3.54,1059800000,27.07,2.801,2.6202438,0.00214,130044108800,,3.18,20.036724,75171610624
113,"Moderna, Inc.",Biotechnology,0.65691,0.5968,0.68091005,11573970944,30.65,0.64328,7772106752,-574877000,8944045056,165.92,,1.348,0.372,5.758,1.09609,8906000384,583000000,11831395328,21.966,USD,29.517,1.216,EQUITY,MRNA,7.283,11.087,26.47,405449984,24.998,16.692,6.637331,0.09491,86171066368,,0.54,6.268228,67272261632
114,"Regeneron Pharmaceuticals, Inc.",Biotechnology,0.57449,0.50245,0.66739,7081299968,1.044,0.55667996,9233000448,10726100000,4279237376,680.03,0.923,3.564,0.26253,14.384,0.54207003,5694700032,2699699968,16071700480,53.502,USD,152.05,2.983,EQUITY,REGN,3.922,6.828,47.81,105720000,163.522,62.526,4.1586456,0.02961,63040995328,0.94,0.67,14.223594,73132466176
115,"TJX Companies, Inc. (The)",Apparel Retail,0.10312,0.05846,0.35151002,2232061952,0.239,0.08428001,4706388992,10508514000,1070632512,61.29,0.183,1.287,0.07801,198.942,0.44426,6791596032,12821368832,45638823936,5.693,USD,37.918,0.661,EQUITY,TJX,2.137,20.727,3.35,1192880000,5.396,2.167,11.358414,0.00067000004,97547403264,0.18,0.19,18.295523,73111617536
116,Norfolk Southern Corporation,Railroads,0.51284003,0.26843,0.51284003,4183000064,0.138,0.40514,5570999808,4632000000,2002000000,283.36,0.378,1.129,0.07165,103.449,0.2023,1464999936,14366000128,10862999552,6.02,USD,43.501,1,EQUITY,NSC,7.833,15.273,13.74,243344992,57.067,11.619,4.965391,0.00114,85086715904,0.323,1.39,20.622997,68954234880
117,Northrop Grumman Corporation,Aerospace & Defense,0.24488,0.19639999,0.20377001,3567000064,-0.154,0.21014,8734000128,7268000000,6460874752,458.18,7.695,1.304,0.10762999,113.392,0.59604,3529999872,14657000448,35667001344,22.613,USD,222.502,1.161,EQUITY,NOC,2.404,9.816,25.08,157338000,71.913,28.35,6.3713093,0.0023700001,85735915520,7.212,2.48,18.26874,72089124864
118,"EOG Resources, Inc.",Oil & Gas E&P,0.47464,0.18018,0.63764,6745782784,1.265,0.24087,7945999872,4978891000,2962390016,124.51,,2.109,0.06977,24.659,0.14394,4292999936,5367000064,16741193728,7.337,USD,28.879,1.85,EQUITY,EOG,3.397,7.156,9.88,585089984,37.206,5.187,3.3465033,0.0037,56862330880,,0.15,12.602227,72849555456
119,Aon plc,Insurance Brokers,0.19108999,0.075840004,0.43741,2011000064,0.133,0.16344,2308000000,5174000000,1761374976,322.94,,1.07,0.03906,412.571,0.32708,757000000,9484999680,12078000128,3.436,USD,53.166,0.226,EQUITY,AON,6.08,31.815,13.08,220332000,9.977,4.013,32.368446,0.009980001,73428271104,,1.78,24.689602,71154016256
120,Edwards Lifesciences Corporatio,Medical Devices,0.32896,0.28726,0.76132005,1732099968,0.116,0.3032,1721299968,3983600000,1008962496,112.37,0.095,3.081,0.126,11.829,0.28877002,1466800000,690300032,5232500224,2.354,USD,8.395,2.065,EQUITY,EW,12.756,38.778,2.58,624334016,8.877,2.325,12.658556,0.0074,66748026880,0.083,3.7,43.554264,70156419072
121,General Dynamics Corporation,Aerospace & Defense,0.13701999,0.08465999,0.16657,4251000064,-0.018,0.11387999,5271000064,6408000000,2937750016,244.36,-0.026,1.43,0.05402,74.684,0.19559999,1603000064,13175000064,38469001216,5.784,USD,137.18,0.94,EQUITY,GD,2.083,15.199,12.45,279223008,56.401,11.652,4.332547,0.061090004,80112336896,-0.05,2.15,19.62731,68230934528
122,Progressive Corporation (The),Insurance—Property & Casualty,0.09996,0.07028,0.09819,7761699840,0.094,0.092889994,4766000128,4681400000,11285350400,116.67,-0.428,0.34,0.04093,27.862,0.19001,1129699968,5079699968,47676502016,1.932,USD,81.568,0.221,EQUITY,PGR,1.4,14.004,4.65,584400000,30.876,6.88,3.7786632,0.0028600001,66741964800,-0.429,-2.77,25.090322,68181946368
123,"Dominion Energy, Inc.",Utilities—Regulated Electric,0.45468,0.19323999,0.49261,3952000000,-0.119,0.25505,6185999872,7399000000,2827375104,83.97,0.935,0.703,0.02123,152.622,0.09639,180000000,41562001408,13605000192,0.222,USD,16.827,0.169,EQUITY,D,7.952,17.488,4.13,809907968,30.27,3.171,2.7740338,0.00263,108183052288,0.837,2.9,20.331718,68007972864
124,Ford Motor Company,Auto Manufacturers,0.11902001,0.13156,0.121070005,15786999808,0.048,0.07767,16227000320,16507000000,10372249600,16.47,,1.201,0.025239998,286.876,0.45095003,36457000960,139485003776,136340996096,9.105,USD,34.162,1.031,EQUITY,F,1.285,10.8,1.99,3925390080,9.157,0.713,1.798624,0.0027700001,175247491072,,0.16,8.2763815,65818066944
125,Illinois Tool Works Inc.,Specialty Industrial Machinery,0.2778,0.19135,0.41772997,2556000000,0.075,0.24896,3959000064,5199000000,1769374976,211.75,0.104,2.195,0.14562,216.175,0.8811,1987000064,7551000064,14250999808,6.33,USD,45.109,1.574,EQUITY,ITW,5.822,20.957,9.09,313880992,11.125,8.599,19.033709,0.00245,82967986176,0.098,2.1,23.294828,66464301056
126,Public Storage,REIT—Industrial,0.70682,0.50629,0.73859,2327281920,0.228,0.51163,2352130048,2116803000,1662701312,376,0.787,2.075,0.0798,63.882,0.19327,958246976,5773190144,3327759872,5.465,USD,19.046,2.02,EQUITY,PSA,21.894,30.976,9.17,175355008,28.577,8.371,13.157434,0.13552,72859566080,0.509,2.41,41.003273,65933484032
127,"Fiserv, Inc.",Information Technology Services,0.35434,0.08234,0.51497,3876999936,0.1,0.15664,5599000064,7158000000,3343749888,100.51,0.641,1.049,0.02088,64.415,0.0417,933000000,20988999680,15800999936,1.413,USD,23.722,0.212,EQUITY,FISV,5.886,16.612,6.47,660232000,47.873,1.93,2.0995133,0.00456,93009281024,0.621,1.04,15.534777,66359918592
128,Sherwin-Williams Company (The),Specialty Chemicals,0.17472,0.10001001,0.44693002,2895500032,0.005,0.14523,3436999936,8682600000,2258524928,245.21,-0.263,0.83,0.08595,401.78,0.57046,313300000,10809100288,19671300096,1.198,USD,74.301,0.449,EQUITY,SHW,4.998,28.606,10.2,262196000,10.284,7.299,23.843834,0.08766,98320154624,-0.288,3.07,24.040197,64293081088
129,"Equinix, Inc.",REIT—Specialty,0.42414,0.0654,0.48145,2341249024,0.112,0.17733999,2775002880,2888768000,2348613632,710.14,1.27,1.628,0.02675,142.514,0.04048,1379100032,15061740544,6542705152,15.316,USD,73.11,1.219,EQUITY,EQIX,13.302,31.363,7.73,90041200,117.377,4.743,6.050078,0.0032499998,87032717312,1.283,3.99,91.86805,63941857280
130,General Motors Company,Auto Manufacturers,0.13302,0.078889996,0.14235,15187999744,-0.105,0.09003,16894000128,18079000000,-8245499904,43.65,-0.401,1.103,0.029779999,168.039,0.17222,24675999744,110594998272,127004000256,16.983,USD,87.529,0.843,EQUITY,GM,1.283,9.645,6.83,1451859968,36.1,7.472,1.2091414,0.04894,162941026304,-0.388,0.64,6.3909225,63373688832
131,"Waste Management, Inc.",Waste Management,0.28476,0.10092,0.38476002,4100000000,0.208,0.17361,4931999744,5877000000,2592499968,156.28,0.391,0.776,0.07011,181.865,0.24409,116000000,13047000064,17319999488,0.277,USD,41.077,0.679,EQUITY,WM,4.715,16.558,5.53,418316000,17.146,4.12,9.114662,0.0012800001,81662377984,0.379,2.2,28.260397,65374425088
132,Vertex Pharmaceuticals Incorpor,Biotechnology,0.38861,0.30523002,0.48338002,2140039040,0.29,0.37162998,2770692096,3639846000,1262742784,253.95,0.296,4.625,0.13846,9.2,0.24639,6960885248,876800000,7129658880,27.378,USD,27.564,4.211,EQUITY,VRTX,7.058,18.163,13.4,254252000,37.199,8.338,6.826796,0.00164,50324250624,0.276,1.71,18.951492,64567296000
133,"Activision Blizzard, Inc",Electronic Gaming & Multimedia,0.37638,0.29209,0.72647005,2892999936,0.059,0.36168998,3407000064,5826000000,2751749888,79.6,0.051,5.561,0.08984,21.28,0.16877002,10000000000,3607000064,9052000256,12.839,USD,11.672,5.25,EQUITY,ATVI,5.076,13.486,3.8,778889024,21.765,3.371,3.657248,0.00727,45948313600,0.058,1.33,20.947369,61999566848
134,Newmont Corporation,Gold,0.49495998,0.16670999,0.53476,4665999872,-0.087,0.30443,6045000192,6159000000,2937125120,78.95,-0.996,2.67,0.057789996,26.806,0.07253,4792999936,6241999872,12213000192,6.011,USD,15.247,1.832,EQUITY,NEM,4.111,8.306,2.75,797435008,28.461,2.537,2.7739713,0.0010800001,50212016128,-0.996,,28.70909,62957490176
135,Colgate-Palmolive Company,Household & Personal Products,0.25182,0.12433,0.59554,3324999936,0.018,0.21991,4386999808,10375000000,2148375040,74.78,-0.777,1.085,0.15467,808.857,2.25676,871000000,7854000128,17421000704,1.036,USD,20.617,0.535,EQUITY,CL,4.121,16.365,3.39,842849024,0.701,3.14,106.67618,0.00093999994,71793557504,-0.771,4.32,22.058996,63028248576
136,"Eaton Corporation, PLC",Specialty Industrial Machinery,0.17195,0.109230004,0.32275,,0.024,0.12548,3374999808,6335000000,,154.18,0.158,1.041,0.04675,54.197,0.13658,568000000,8915999744,19627999232,1.424,USD,49.23,0.536,EQUITY,ETN,3.489,20.292,7.42,398600000,40.068,5.153,3.8479583,0.00199,68484272128,0.16,1.23,20.778975,61456146432
137,Boston Scientific Corporation,Medical Devices,0.26774,0.10078,0.70357,2064999936,0.103,0.17254,3071000064,6793000000,2259124992,43.5,,1.549,0.03944,57.478,0.07219,1947000064,9461999616,11470000128,1.366,USD,8.061,0.899,EQUITY,BSX,6.077,22.697,1.87,1424989952,11.554,0.769,3.76493,0.0023100001,69701672960,,1.18,23.262032,61987061760
138,Moody's Corporation,Financial Data & Stock Exchanges,0.51633,0.35199,0.73848,2364000000,0.125,0.47662997,3081999872,3896000000,2333125120,330.51,0.024,1.523,0.13633001,307.865,0.97449,2343000064,8063000064,5968999936,12.604,USD,31.945,1.408,EQUITY,MCO,13.02,25.216,12.67,185900000,13.072,11.162,25.283813,0.00247,77716504576,0.015,2.51,26.086031,61441810432
139,Pioneer Natural Resources Compa,Oil & Gas E&P,0.37616003,0.11852,0.52557,6058999808,1.763,0.2357,6721999872,9392000000,2933874944,256.71,10.419,1.516,0.09395,34.308,0.12312,4040000000,7834999808,17870000128,16.633,USD,76.695,1.406,EQUITY,PXD,3.429,9.115,19.95,244134000,95.006,6.28,2.70204,0.00585,61268643840,16.744,0.18,12.867668,62671638528
140,Schlumberger N.V.,Oil & Gas Equipment & Services,0.19490999,0.082040004,0.15954,4650999808,0.125,0.12059,4469000192,3658000000,2097250048,43.68,0.621,1.222,0.04117,98.188,0.13883,3139000064,15009000448,22929000448,2.237,USD,16.378,0.816,EQUITY,SLB,2.932,15.042,1.63,1402630016,9.526,1.164,4.5853453,0.00159,67220697088,0.607,0.73,26.797546,61266878464
141,Fidelity National Information S,Information Technology Services,0.28385,0.030050002,0.37436,4809999872,0.107,0.09368,3939000064,5195000000,3742500096,97.45,1.969,0.74,0.00974,43.922,0.00874,2010000000,20877000704,13877000192,3.297,USD,22.528,0.424,EQUITY,FIS,5.444,19.178,7.39,608937024,77.348,0.36,1.2598903,0.00254,75542773760,1.798,1.16,13.186739,59340910592
142,FedEx Corporation,Integrated Freight & Logistics,0.1309,0.05489,0.27459,8986999808,0.142,0.08738,11722000384,23730000000,2828124928,226.56,-0.147,1.494,0.05913,147.67,0.21384001,6832999936,36828999680,89552003072,12.894,USD,337.932,1.371,EQUITY,FDX,1.903,14.535,23.02,264968992,94.124,18.181,2.4070375,0.07588,170382049280,-0.148,0.73,9.841876,60031373312
143,Emerson Electric Company,Specialty Industrial Machinery,0.21348,0.12629,0.41472998,3575000064,0.085,0.16966,3892999936,7563000000,2596999936,98.51,-0.077,1.35,0.08126,72.891,0.25335,2353999872,7232999936,18236000256,3.957,USD,30.49,0.937,EQUITY,EMR,3.396,15.908,5.34,595699008,16.588,3.82,5.9386306,0.0075499997,61928267776,-0.073,1.83,18.447565,58682310656
144,"MetLife, Inc.",Insurance—Life,0.11817,0.07821,0.28012,12408999936,0.056,0.112320006,8320000000,20077000000,6153750016,71.29,1.565,0.969,0.00641,157.915,0.07728,32913000448,109486997504,70409003008,39.128,USD,80.17,0.743,EQUITY,MET,1.867,15.803,7.2,841160000,81.761,5.992,0.8719316,0.15557,131481944064,1.244,0.92,9.901389,59966296064
145,Marriott International,Lodging,0.5798,0.16379999,0.76955,761000000,1.142,0.48439,1652999936,1442000000,1404249984,171.52,1.184,0.497,0.03477,1163.943,0.8143,772000000,10684999680,2851000064,2.37,USD,8.725,0.468,EQUITY,MAR,22.67,39.099,5.32,325683008,2.819,1.428,60.844273,0.16378,64631017472,1.2,0.25,32.2406,55861149696
147,Humana Inc.,Healthcare Plans,0.051069997,0.03252,0.17308001,2640999936,0.087,0.047080003,4198000128,15527000000,408875008,435.54,0.178,1.718,0.057729997,76.778,0.1668,18023000064,12501000192,82201001984,140.219,USD,634.468,1.324,EQUITY,HUM,0.651,12.743,24,128534000,126.503,20.509,3.4429224,0.00236,53495955456,0.143,1.72,18.147501,55981699072
148,KLA Corporation,Semiconductor Equipment & Materials,0.41709998,0.36523998,0.60273,2536652032,0.354,0.37233,3113244928,4146569000,1780884736,366.44,1.587,2.435,0.16973,91.792,0.82329005,2624813056,3542321920,7463951872,17.312,USD,48.673,1.658,EQUITY,KLAC,8.883,21.296,21.24,151622000,25.443,17.618,14.40239,0.0014300001,66301206528,1.54,1.04,17.252354,55560364032
149,"Fortinet, Inc.",Software—Infrastructure,0.21624,0.17735,0.76917,1429400064,0.332,0.192,676099968,2024400000,1050387520,332.73,0.293,1.803,0.07852,94.32,0.59995997,3120999936,1071100032,3126599936,19.089,USD,19.173,1.696,EQUITY,FTNT,16.196,74.896,4.61,163500000,6.843,3.322,48.623413,0.18180999,50637422592,0.322,4.9,72.175705,54401355776
150,Occidental Petroleum Corporatio,Oil & Gas E&P,0.46368,-0.014730001,0.59626997,8746000384,0.653,0.081070006,10295000064,9341000000,8693125120,58.71,,1.085,0.014049999,176.321,0.00413,2059000064,33276999680,22203000832,2.205,USD,23.77,0.607,EQUITY,OXY,3.25,7.009,2.9,933980992,9.755,-1.212,6.0184517,0.0021,72156282880,,0.42,20.244827,54834024448
151,"Illumina, Inc.",Diagnostics & Research,0.21448,0.21192,0.7021,669000000,0.395,0.16495001,918000000,2231000000,1485250048,341.72,0.719,2.682,0.03928,23.95,0.11862001,1264999936,2536999936,4280000000,8.093,USD,28.968,2.045,EQUITY,ILMN,13.895,64.784,4.03,156300000,67.471,6.109,5.0646944,0.00329,59471867904,0.771,12.09,84.79404,53410836480
152,"Air Products and Chemicals, Inc",Specialty Chemicals,0.35606998,0.20334,0.30387,3341900032,0.225,0.22806999,3675699968,3136900000,397775008,246.56,0.254,2.992,0.05657,58.574,0.15413,5816800256,8251899904,10323000320,26.266,USD,46.584,2.669,EQUITY,APD,6.712,18.852,11.75,221684000,61.156,9.436,4.0316567,0.0031299999,69293064192,0.254,2.22,20.98383,54658408448
153,"American International Group, I",Insurance—Diversified,0.26134002,0.118039995,0.34179002,6192999936,0.302,0.16658,12373999616,10698000000,10079625216,64.48,5.081,0.743,0.00841,48.051,0.08906,16392999936,31549999104,47347998720,19.744,USD,54.865,0.198,EQUITY,AIG,1.382,5.287,5.36,830297984,77.026,6.377,0.83711994,0.00086000003,65425559552,4.788,0.41,12.029851,53537615872
154,Archer-Daniels-Midland Company,Farm Products,0.046719998,0.03262,0.070989996,4983000064,0.345,0.03439,3744000000,4453000000,-619124992,93.49,1.325,1.577,0.03548,44.843,0.12636,1140999936,9962000384,80137003008,2.04,USD,142.276,0.382,EQUITY,ADM,0.608,13.016,4.78,559441024,39.301,4.63,2.37882,0.00454,48731385856,1.338,1.41,19.558577,52302139392
155,DBA Sempra,Utilities—Diversified,0.35711,0.09545,0.36679,3943000064,0.14,0.21011,4351000064,4499000000,-115000000,162.46,,0.355,0.023239998,107.974,0.0478,873000000,26566000640,12184000512,2.734,USD,40.045,0.223,EQUITY,SRE,5.708,15.983,8.46,319336992,74.185,3.486,2.1899307,0.00051,69541371904,,3.65,19.20331,51879489536
156,Dollar General Corporation,Discount Stores,0.11545999,0.07193,0.31926,2719334912,0.039,0.09707,3923645952,10718862000,936210240,221.47,-0.1,1.077,0.07918,227.684,0.37108,488662016,14093185024,33983524864,2.109,USD,143.171,0.106,EQUITY,DG,1.921,16.64,11.25,231706000,26.714,10.231,8.290409,0.00223,65288974336,-0.152,3.47,19.686222,51315929088
157,Ecolab Inc.,Specialty Chemicals,0.21761999,0.09082,0.41496,2070800000,0.1,0.15047,2705900032,4932600000,1310300032,177.59,0.318,1.723,0.06492,90.913,0.17579001,897900032,6329200128,12433800192,3.133,USD,43.482,1.188,EQUITY,ECL,5.814,26.718,5.97,286567008,24.195,3.911,7.3399463,0.00464,72295694336,0.318,2.63,29.747068,50891431936
158,NXP Semiconductors N.V.,Semiconductors,0.33672002,0.14984,0.53793997,3320999936,0.262,0.2204,3545999872,4267000000,2526249984,190.46,,1.373,0.07053,137.593,0.20143,2303000064,9592999936,10531000320,8.66,USD,38.383,0.955,EQUITY,NXPI,6.595,19.586,12.02,265932992,25.298,5.585,7.5286584,0.00327,69451874304,,1.01,15.845258,50649600000
159,"Synopsys, Inc.",Software—Infrastructure,0.25348,0.20177999,0.80888003,1474407936,0.309,0.21726999,1141699968,3390877000,1229830400,318.91,0.932,1.193,0.07232,10.771,0.17663999,1272046976,580604992,4504126976,8.309,USD,29.462,1.046,EQUITY,SNPS,10.352,40.841,9.02,153438000,34.595,4.81,9.218384,0.0058600004,46628708352,0.932,3.15,35.355873,48932913152
160,"L3Harris Technologies, Inc.",Aerospace & Defense,0.20503001,0.0858,0.30225,2563000064,-0.052,0.15057,3716000000,5339000000,2327875072,257.85,0.204,1.536,0.047270004,40.104,0.07521,1126000000,7857999872,18123999232,5.738,USD,88.474,1.186,EQUITY,LHX,2.695,13.142,13.68,196224992,99.006,7.514,2.6043878,0.00439,48836210688,0.129,,18.848684,50596614144
161,Centene Corporation,Healthcare Plans,0.04364,0.0114,0.16563,4204999936,0.152,0.03115,5157000192,19574000000,3878000128,85.59,,1.106,0.03128,83.861,0.050430004,14657000448,22660999168,118175997952,25.146,USD,202.762,1.043,EQUITY,CNC,0.481,11.032,5.45,583502976,45.357,1.249,1.8870295,0.0115600005,56894472192,,1.47,15.704587,49942016000
162,"Roper Technologies, Inc.",Specialty Industrial Machinery,0.38316002,0.19949,0.67801005,2011900032,0.132,0.27341,2213799936,3917400000,1319500032,465.86,0.119,0.776,0.041360002,70.514,0.08915,351500000,8154100224,5777800192,3.329,USD,54.87,0.421,EQUITY,ROP,9.487,24.76,15.26,105485000,107.525,10.537,4.3325734,0.0057599996,54813814784,0.125,2.79,30.528177,49141239808
163,American Electric Power Company,Utilities—Regulated Electric,0.37291,0.14593,0.45705003,3883699968,0.137,0.20907,6093799936,6966000000,-1712162560,96.84,0.053,0.581,0.025880001,168.289,0.11048,1591100032,37910900736,16341199872,3.159,USD,32.769,0.389,EQUITY,AEP,4.906,13.155,4.97,496390016,44.24,4.762,2.1889691,0.00017999999,80164986880,0.063,3.44,19.48491,48070406144
164,Cognizant Technology Solutions ,Information Technology Services,0.18090001,0.11547,0.37359002,2495000064,0.142,0.15167,3348000000,6914000000,1801750016,91.51,0.846,2.08,0.1009,13.802,0.18722999,2719000064,1655000064,18506999808,5.184,USD,35.118,1.866,EQUITY,CTSH,2.382,13.168,4.52,525252000,21.992,3.545,4.1610584,0.00119,44087959552,0.823,1.61,20.245575,48622833664
165,The Kraft Heinz Company,Packaged Foods,0.25506002,0.08758,0.34428,4051000064,-0.018,0.21989,6701000192,9171000000,3095749888,39.29,0.209,1.13,0.03741,47.922,0.04646,2272999936,24074999808,26272000000,1.855,USD,21.455,0.5,EQUITY,KHC,2.557,10.025,2.64,1224039936,40.822,1.858,0.96247125,0.01651,67175399424,0.228,-5.44,14.882576,48092528640
166,Dow Inc.,Chemicals,0.19532,0.113249995,0.19092,6064000000,0.528,0.14032,10021999616,5185000000,4202125056,64.7,,1.594,0.07396,97.457,0.39372003,3052000000,16595000320,51309998080,4.126,USD,68.914,0.778,EQUITY,DOW,1.143,5.853,6.38,739614016,22.226,7.705,2.911005,0.00141,58656788480,,0.12,10.141066,47853023232
167,"O'Reilly Automotive, Inc.",Specialty Retail,0.24094999,0.15847,0.52527,3052801024,0.085,0.21601,3099738112,6085692000,2146309760,703.36,0.141,0.762,0.14299,,7.17367,449302016,5892047872,12864842752,6.638,USD,183.309,0.141,EQUITY,ORLY,4.1,17.016,30.74,67378400,-2.081,28.779,,0.0128999995,52744814592,0.06,1.93,22.880936,47391268864
168,"Autodesk, Inc.",Software—Application,0.18621,0.31305,0.91737,1466099968,0.182,0.16372,784700032,3484900000,1292612480,212.14,0.034,0.809,0.05957,238.261,1.9555299,1792099968,3049499904,4214000128,8.147,USD,19.181,0.723,EQUITY,ADSK,14.82,79.587,6.83,219972992,5.812,5.928,36.500347,0.00187,62451806208,0.034,1.92,31.06003,46665068544
169,Johnson Controls International ,Engineering & Construction,0.17618999,0.06917,0.3405,2487000064,0.074,0.14049,4169999872,8059000000,2693250048,66.24,-0.37,1.099,0.05025,48.6,0.09365,1336000000,9114000384,23668000768,1.897,USD,33.028,0.778,EQUITY,JCI,2.77,15.721,3.5,704332032,24.779,2.272,2.6732314,0.00209,65555062784,-0.39,1.4,18.925714,46654951424
170,"Paychex, Inc.",Staffing & Employment Services,0.43148,0.29527,0.70263,1384999936,0.127,0.38806,1869299968,2785600000,1313262464,128.71,0.213,1.27,0.11481,28.627,0.42571998,1012200000,893100032,4332299776,2.805,USD,12.022,0.456,EQUITY,PAYX,11.153,25.848,3.87,360756992,8.647,3.52,14.884932,0.10752,48318300160,0.219,3.01,33.2584,46433034240
171,McKesson Corporation,Medical Distribution,0.01368,0.0054900004,0.050300002,4917000192,0.096,0.0105,3516999936,11967000000,2778374912,310.48,,0.98,0.02686,,14.01754,2753999872,8098999808,257005993984,18.385,USD,1655.966,0.445,EQUITY,MCK,0.185,13.517,22.03,152682000,-3.74,-30.589,,0.00057,47538864128,,0.93,14.093509,47404707840
172,"IDEXX Laboratories, Inc.",Diagnostics & Research,0.3224,0.23165001,0.58763003,755545984,0.111,0.28987,1036624000,1889432000,534410496,538.93,-0.061,1.252,0.24622,149.425,1.1261699,144454000,1031022976,3215360000,1.715,USD,37.739,0.747,EQUITY,IDXX,13.83,42.896,9.41,84793600,8.892,8.718,60.60841,0.00944,44466933760,-0.069,3.16,57.272053,45697814528
173,"DexCom, Inc.",Medical Devices,0.19278,0.22823,0.69291,508700000,0.298,0.15919,447100000,1280100000,-89262496,480.97,-0.027,4.975,0.05361,88.175,0.29119,2697900032,1883500032,2319200000,27.836,USD,24.033,4.391,EQUITY,DXCM,21.057,109.228,3.62,96922000,22.044,5.302,21.818634,0.0044,48835850240,-0.018,9.92,132.86464,46616576000
174,Marathon Petroleum Corporation,Oil & Gas Refining & Marketing,0.059959996,0.08085,0.0867,,0.967,0.031719998,7222332416,10443000000,,82.23,1.907,,,79.974,0.07715,13226000384,28761999360,120450998272,22.843,USD,189.986,,EQUITY,MPC,0.551,9.184,4.22,615587968,45.466,14.246,1.8086044,0.00338,66332340224,1.716,0.89,19.485785,50619801600
175,Amphenol Corporation,Electronic Components,0.23575,0.14626001,0.31277,1540099968,0.248,0.19938,2564100096,3401800000,803724992,75.67,0.274,2.435,0.10037,79.179,0.26711,1241400064,5050899968,10876300288,2.073,USD,18.191,1.51,EQUITY,APH,4.543,19.271,2.67,598028032,9.95,2.38,7.6050253,0.0056,49412014080,0.303,2.5,28.340822,45252780032
176,"Cadence Design Systems, Inc.",Software—Application,0.31043,0.23297001,0.89552003,1020622976,0.126,0.26149,923560000,2377393000,797867264,158.84,0.086,1.701,0.1164,13.202,0.27576,1013819008,347384992,2975117056,3.658,USD,10.869,1.487,EQUITY,CDNS,16.385,52.783,3.56,277140992,9.494,2.48,16.730566,0.012920001,48747806720,0.091,3.28,44.617977,44021075968
177,"Prudential Financial, Inc.",Insurance—Life,0.18004999,0.12445,0.39439,,-0.11,0.17818001,11175000064,24478000000,,120.86,0.527,1.265,0.00736,54.392,0.118090004,28345999360,34054000640,62065000448,75.328,USD,160.292,1.149,EQUITY,PRU,0.82,4.555,12.6,378000000,163.315,18.359,0.74004227,0.00103,50903609344,0.475,0.95,9.592063,45685080064
178,"The Travelers Companies, Inc.",Insurance—Property & Casualty,0.16469999,0.106400006,0.27557,7482999808,0.064,0.13914,5632999936,8085000000,14152999936,187.75,-0.189,0.361,0.025090002,25.602,0.12922,5571999744,7289999872,34201999360,22.65,USD,136.29,0.187,EQUITY,TRV,1.194,7.249,12.55,246008992,115.748,14.281,1.6220583,0.00278,40833380352,-0.2,1.48,14.960159,46188187648
179,The Hershey Company,Confectioners,0.26346,0.16469,0.45186,2082883968,0.064,0.22834998,2363595008,4053818000,1174487936,214.37,0.159,0.901,0.13102001,194.981,0.59371,329265984,5376084992,8971336704,1.604,USD,43.396,0.401,EQUITY,HSY,5.444,20.664,7.52,145390000,12.274,6.888,17.465374,0.00228,48841326592,0.152,3.01,28.506649,44161077248
180,"Chipotle Mexican Grill, Inc.",Restaurants,0.14367,0.08652,0.38479,1282081024,0.22,0.10993,1084304000,2904063000,707905856,1556.37,-0.3,1.581,0.08207,153.232,0.30247998,1076318976,3520314112,7547061248,38.396,USD,268.273,1.454,EQUITY,CMG,5.241,36.482,33.14,28135400,82.078,24.907,18.962084,0.00529,39557173248,-0.301,1.47,46.96349,43789090816
181,Exelon Corporation,Utilities—Diversified,0.29409,0.048060004,0.31258,4153999872,0.006,0.14827,10243000320,10033000000,-118250000,45.51,1.409,0.94,0.02479,121.723,0.05409,2956999936,41700999168,34829000704,3.023,USD,35.631,0.522,EQUITY,EXC,2.284,7.767,3.32,978318016,34.601,1.71,1.3152798,0.00279,79556526080,1.401,-43.47,13.707831,44523249664
182,Microchip Technology Incorporat,Semiconductors,0.42808998,0.14954,0.64496005,2544199936,0.3,0.25147,2758500096,3378800000,2036199936,77.16,8.023,1.806,0.062090002,136.19,0.17362,315500000,7903499776,6443800064,0.567,USD,11.736,1.022,EQUITY,MCHP,7.326,17.114,4.91,554870976,10.278,1.143,7.5072975,0.02001,47207899136,8.746,1.08,15.714869,42813845504
183,TE Connectivity Ltd. New Switze,Electronic Components,0.23471001,0.16072,0.32742,2568000000,0.084,0.18345,3572000000,4887000000,1404875008,132.24,0.496,1.695,0.083739996,36.386,0.23187,990000000,4048999936,15219000320,3.041,USD,46.258,0.897,EQUITY,TEL,3.234,13.778,7.91,326312992,32.516,6.788,4.066921,0.00204,49216360448,0.486,1.6,16.718079,43151630336
184,"Arista Networks, Inc.",Computer Hardware,0.32639,0.28301,0.63947,977544000,0.237,0.30818,904768000,1481886000,596091648,138.4,0.325,5.064,0.108559996,1.594,0.22579001,3386480896,61628000,2772059904,11.021,USD,9.074,4.233,EQUITY,ANET,14.171,43.418,3.44,307300000,12.568,2.463,11.012094,0.26641,39283089408,0.332,2.8,40.232555,42530316288
185,"IQVIA Holdings, Inc.",Diagnostics & Research,0.17302,0.05666,0.33208,3000000000,0.217,0.093310006,2342000128,3859000000,2491500032,224.76,1.577,0.935,0.032980002,215.011,0.1312,1574000000,12533000192,13536000000,8.239,USD,70.703,0.817,EQUITY,IQV,4.594,26.554,10.15,191040000,30.502,3.929,7.3686967,0.00711,62190063616,1.584,1.36,22.143843,42938150912
186,"Simon Property Group, Inc.",REIT—Retail,0.72222,0.41,0.81382006,3647547904,0.222,0.46392,3554486016,3716888000,1841499392,130.17,3.338,0.394,0.0435,589.32,0.69601995,438423008,26093443072,4921619968,1.334,USD,15.116,0.368,EQUITY,SPG,16.317,22.593,6.09,328611008,10.152,6.177,12.8221035,0.00487,80304832512,3.639,2.94,21.374384,42776334336
187,Cintas Corporation,Specialty Business Services,0.23546,0.155,0.46508,1381558016,0.094,0.19690001,1749892992,3314651000,829024256,413.32,0.053,1.219,0.111049995,73.585,0.32173002,113170000,2621922048,7431948800,1.092,USD,71.233,0.541,EQUITY,CTAS,5.959,25.308,11.98,103664000,34.372,10.702,12.024903,0.14829999,44285521920,0.034,3.32,34.500835,42846404608
188,"Corteva, Inc.",Agricultural Inputs,0.14009,0.106680006,0.40844002,2481999872,0.273,0.059809998,2155000064,5710000000,1948000000,59.79,,1.812,0.013890001,9.9,0.071609996,2881999872,2472999936,15383000064,3.954,USD,20.784,1.118,EQUITY,CTVA,2.238,15.974,2.59,728908992,33.878,2.202,1.7648623,0.00119,34424020992,,0.9,23.084944,43581468672
189,"Constellation Brands, Inc.",Beverages—Wineries & Distilleries,0.37509,-0.0061000003,0.53287,2887000064,-0.048,0.33722,3252499968,4574300000,1760274944,229.41,-0.621,1.502,0.06876,90.09,-0.0011100001,361300000,10402100224,8671200256,1.926,USD,45.237,0.569,EQUITY,STZ,5.8,15.463,11.86,164264000,59.573,3.872,3.8509057,0.04499,50292813824,-0.632,2.73,19.343172,43014148096
190,Hilton Worldwide Holdings Inc.,Lodging,0.47907,0.01899,0.71081,-160000000,0.93,0.37925997,984000000,980000000,884499968,151.5,,1.027,0.03001,,,1288000000,9731999744,2054000000,4.621,USD,7.395,0.877,EQUITY,HLT,25.274,52.758,4.3,278721984,-4.047,0.14,,0.01875,51913433088,,0.25,35.232555,42226380800
191,Welltower Inc.,REIT—Healthcare Facilities,0.37923,0.09686,0.40261,1247166976,0.196,0.15732001,1727367040,1983500000,1917000704,96.22,-0.461,1.694,0.0135699995,78.371,0.02614,303982016,14241685504,4554867200,0.698,USD,10.844,1.067,EQUITY,WELL,11.77,31.037,1.01,435275008,38.742,1.035,2.4836094,0.0015700001,53611708416,-0.448,8.58,95.26733,41882161152
193,AFLAC Incorporated,Insurance—Life,0.24753,0.18766001,0.40601003,5537999872,-0.076,0.24572,5590000128,7821000000,3328875008,65.53,-0.616,0.684,0.02157,32.579,0.12836,8040999936,10931000320,22582999040,12.155,USD,33.011,0.538,EQUITY,AFL,1.891,7.639,5.27,661528000,50.62,6.167,1.2945476,0.09212,42700767232,-0.638,2.62,12.434535,43349929984
194,Sysco Corporation,Food Distribution,0.04611,0.01293,0.17948,1344210944,0.412,0.03375,2800523008,9356749000,493255136,80.91,1.52,1.325,0.05835,944.606,0.57829,1374275968,11843109888,60738232320,2.708,USD,118.675,0.75,EQUITY,SYY,0.822,17.838,4.21,512656000,3.266,1.332,24.773424,0.001,49955565568,1.488,0.44,19.218529,41479000064
195,Kroger Company (The),Grocery Stores,0.04093,0.0074699996,0.22830999,5709000192,0.072,0.01947,5549000192,31789000000,3747000064,57,-0.2,0.797,0.033570003,218.165,0.10453,2288000000,20706000896,135577001984,3.112,USD,180.649,0.25,EQUITY,KR,0.377,9.22,3.39,735256000,12.898,1.325,4.41929,0.00661,51160342528,-0.235,2.02,16.81416,41909592064
196,Monster Beverage Corporation,Beverages—Non-Alcoholic,0.34689,0.2876,0.57065,1342909056,0.132,0.33639,1842898048,2723880000,1066607488,78.7,-0.031,4.702,0.16991,0.318,0.28101,2936737024,19828000,5312590848,5.55,USD,10.053,4.061,EQUITY,MNST,9.186,26.481,2.94,529139008,11.802,2.86,6.668361,0.28695,48801148928,-0.03,2.66,26.768705,41643237376
197,"Kinder Morgan, Inc.",Oil & Gas Midstream,0.42869,0.11464,0.50288,5708000256,0.31,0.29294002,6559000064,6680000000,1498875008,19.07,0.084,0.461,0.0396,103.76,0.056539997,229000000,32842999808,15299999744,0.101,USD,6.756,0.285,EQUITY,KMI,4.661,10.872,1.03,2267429888,13.475,0.768,1.4152133,0.11602,71308918784,0.088,1.71,18.514563,43239886848
198,Nucor Corporation,Steel,0.24482,0.15857,0.26264998,4111649024,1.093,0.21648,7682258944,2248909000,901464640,157.62,10.486,2.527,0.19094999,41.688,0.42227,2011539968,5815611904,31379582976,7.038,USD,105.234,1.271,EQUITY,NUE,1.204,4.919,16.72,285799008,46.965,16.577,3.356116,0.00497,37790318592,10.001,0.14,9.427033,45047640064
199,"Republic Services, Inc.",Waste Management,0.29597,0.114250004,0.41151002,2786700032,0.148,0.18728,3343000064,4648000000,1247537536,131.5,0.342,0.708,0.054640003,110.052,0.14795999,29000000,9882300416,11294999552,0.092,USD,35.429,0.636,EQUITY,RSG,4.457,15.06,4.63,317095008,27.939,3.79,4.7066827,0.00185,50344656896,0.33,3.12,28.401728,41697992704
200,"Agilent Technologies, Inc.",Diagnostics & Research,0.27299,0.19148001,0.53917,1484999936,0.119,0.22219,1724999936,3407000000,1134875008,135.71,1.035,2.224,0.08632,54.017,0.23582001,1575000064,2911000064,6319000064,5.215,USD,20.786,1.647,EQUITY,A,7.105,26.027,4.7,302000992,17.832,3.94,7.6104755,0.00246,44896595968,0.991,2.99,28.87447,40984555520
201,Devon Energy Corporation,Oil & Gas E&P,0.33679,0.11572,0.53251,3660000000,2.141,0.42341,3507000064,1557000000,1477624960,62.5,,1.206,0.17561,74.782,0.20444,2144000000,6776000000,10412999680,3.167,USD,17.582,1.067,EQUITY,DVN,3.637,10.798,5.23,677000000,13.182,2.014,4.741314,0.00836,37867528192,,0.56,11.950287,42312499200
202,"Walgreens Boots Alliance, Inc.",Pharmaceutical Retailers,0.04185,0.04764,0.21495001,5458999808,0.078,0.02915,5648999936,28067000000,3559749888,47.12,,0.831,0.02649,117.569,0.21708,4135000064,39227998208,134971998208,4.79,USD,156.051,0.417,EQUITY,WBA,0.619,14.787,5.1,863945024,27.062,2.933,1.7411869,0.17333001,83529465856,,3.7,9.239216,40709087232
203,HP Inc.,Computer Hardware,0.10389,0.10243,0.21133,6408999936,0.093,0.091529995,6595999744,13417000000,4015124992,39.84,4.54,0.762,0.09911,,,4304000000,8801999872,63487000576,3.975,USD,52.555,0.452,EQUITY,HPQ,0.71,6.836,4.38,1082720000,-1.511,5.33,,0.00178,45089267712,3.639,0.54,9.09589,43135565824
204,Kimberly-Clark Corporation,Household & Personal Products,0.18472,0.093310006,0.31595,2729999872,0.027,0.14624,3591000064,6142000000,1321874944,120.28,-0.337,0.825,0.1005,1237.856,2.29639,270000000,9123000320,19440001024,0.801,USD,57.634,0.367,EQUITY,KMB,2.685,14.534,6.75,336716992,1.408,5.882,85.42613,0.00061,52190924800,-0.338,-24.22,17.81926,40500318208
205,MSCI Inc,Financial Data & Stock Exchanges,0.57254004,0.35529,0.82517,892332992,0.216,0.54005,1109211008,1403686000,834693632,490.31,-0.06,1.817,0.14132,,,1284664064,4334309888,1937362944,15.582,USD,23.462,1.752,EQUITY,MSCI,26.73,46.688,11.15,82446704,-3.396,8.24,,0.02931,51786371072,-0.068,3.07,43.97399,40424443904
206,"Williams Companies, Inc. (The)",Oil & Gas Midstream,0.42661,0.10213,0.52147,3920000000,0.48,0.24235001,4223000064,4780000000,1547624960,33.88,-0.48,0.584,0.033210002,160.658,0.07357,214000000,22361999360,9898999808,0.176,USD,8.148,0.445,EQUITY,WMB,5.798,13.591,1.28,1215030016,9.195,0.82,3.6846116,0.0020299999,57393897472,-0.466,10.42,26.468752,41165217792
207,"AutoZone, Inc.",Specialty Retail,0.23405,0.15076,0.5261,3612982016,0.163,0.20647,3544508928,7717785000,2687956992,2027.29,0.38,0.785,0.13464,,,1016644992,8159840768,15144227840,16.423,USD,698.591,0.173,EQUITY,AZO,8.633,36.883,116.8,20634400,-102.774,102.569,,0.0037099998,130732908544,0.255,1.41,17.356936,41831915520
208,"General Mills, Inc.",Packaged Foods,0.21361,0.12020001,0.34219003,3054200064,0.065,0.18174,3974799872,6450600000,910187520,67.39,-0.126,0.846,0.06524,122.245,0.22723,1021000000,12672300032,18607499264,1.693,USD,30.424,0.357,EQUITY,GIS,2.872,13.446,3.92,603206976,15.79,3.628,4.267891,0.0015700001,53444804608,-0.132,3.89,17.191326,40650117120
209,Baker Hughes Company,Oil & Gas Equipment & Services,0.14182,0.00682,0.19983,1976999936,0.009,0.086289994,2908999936,3445000000,1708375040,38.72,,1.592,0.03026,39.704,0.01663,4328999936,6764000256,20512000000,4.976,USD,26.374,1.032,EQUITY,BKR,1.345,9.485,1.21,869968000,16.463,0.18,2.3519409,0.061680004,27591483392,,0.11,32,33685161984
210,Realty Income Corporation,REIT—Retail,0.84133005,0.17267999,0.93582,,0.641,0.45790002,1751290112,1947964000,,67.95,-0.976,0.428,0.01865,61.452,0.019960001,258579008,15442636800,2081569024,0.437,USD,5.021,0.41,EQUITY,O,26.005,30.909,1.73,565764992,32.991,1.268,2.0596526,0.00124,54130446336,-0.966,9.68,39.277454,38443728896
211,Valero Energy Corporation,Oil & Gas Refining & Marketing,0.04239,0.00858,0.05065,5858999808,1.249,0.02063,4592000000,5487000000,4284999936,97.25,,1.256,0.02548,76.323,0.06528,4121999872,15125000192,108331999232,10.071,USD,266.172,0.86,EQUITY,VLO,0.439,10.362,5.99,408836000,42.747,-1.088,2.2750134,0.0043200003,47581925376,,-4.15,16.235394,39759302656
212,Carrier Global Corporation,Building Products & Equipment,0.14097999,0.08071999,0.29147,2236999936,0.117,0.12458,2905999872,6008000000,55625000,46.39,-0.629,1.721,0.06261,145.94,0.24882999,2987000064,10353000448,20612999168,3.491,USD,23.756,0.889,EQUITY,CARR,2.268,16.086,2.34,866585024,7.962,2.493,5.8264256,0.00085,46747213824,-0.633,1.68,19.824787,40200880128
213,"DuPont de Nemours, Inc.",Specialty Chemicals,0.25208,0.29224002,0.3496,2960999936,0.177,0.11302,5593999872,6875000000,2501499904,77.09,,2.013,0.026530001,40.603,0.04642,1670000000,11059999744,22190999552,3.223,USD,37.144,1.071,EQUITY,DD,2.378,9.432,4.94,518104000,51.405,10.821,1.4996595,0.00079,52760289280,,1.25,15.605262,39940636672
214,Baxter International Inc.,Medical Instruments & Supplies,0.22817,0.0975,0.40487,2240999936,0.085,0.15925999,2840999936,4733000000,1373750016,77.21,0.29,2.373,0.062119998,73.057,0.14055,3257999872,6440000000,12451000320,6.507,USD,24.68,1.58,EQUITY,BAX,3.732,16.356,4.38,500692992,17.517,2.376,4.407718,0.0016,46466883584,0.264,2.18,17.627853,38658506752
215,"Digital Realty Trust, Inc.",REIT—Office,0.5085,0.38617,0.59822,1702227968,0.009,0.17126,2250714880,2647845000,1691048832,138.23,22.542,0.631,0.01308,81.943,0.09442,142698000,15178986496,4426165248,0.502,USD,15.669,0.627,EQUITY,DLR,12.428,24.441,1.55,283787008,58.279,2.371,2.3718662,0.00131,55009128448,17.509,2.77,89.18065,39227875328
216,"Motorola Solutions, Inc.",Communication Equipment,0.28225002,0.1546,0.49421,1838000000,0.128,0.22883,2292999936,3637000000,1544625024,232.4,0.492,1.381,0.106680006,,,1652999936,6138999808,8124000256,9.787,USD,47.957,1.131,EQUITY,MSI,6.059,21.468,9.88,168896992,-1.555,7.245,,0.00559,49225056256,0.498,2.05,23.522266,39251660800
217,Allstate Corporation (The),Insurance—Property & Casualty,0.15982,0.03161,0.27613002,5116000256,0.187,0.13835,8085000192,13969000000,21408124928,141.8,-0.676,0.436,0.03881,33.601,0.18642999,4773000192,8442999808,50588000256,17.148,USD,171.601,0.243,EQUITY,ALL,0.784,4.904,10.62,286676000,85.969,10.83,1.6494318,0.00564,39646425088,-0.689,-1.81,13.352166,40650657792
218,Xcel Energy Inc.,Utilities—Regulated Electric,0.33832002,0.12056,0.39736998,2252999936,0.09,0.16847,4406000128,4914000000,-2596750080,70.7,-0.009,0.778,0.02466,163.635,0.10847,695000000,24824999936,13022999552,1.29,USD,24.263,0.412,EQUITY,XEL,4.681,13.836,3.17,538675968,28.175,2.924,2.5093167,0.00252,60959248384,0.01,3.34,22.302837,38084390912
219,Global Payments Inc.,Specialty Business Services,0.39998,0.11376,0.55335,2796999936,0.148,0.19740999,3303808000,3811431000,2877889792,136.19,0.368,1.151,0.02257,43.173,0.03518,2347731968,11377986560,8259974144,8.091,USD,27.955,0.646,EQUITY,GPN,6.227,15.568,9.59,290151008,90.135,3.167,1.5109558,0.00932,51434237952,0.343,0.88,14.201251,39515668480
220,Transdigm Group Incorporated,Aerospace & Defense,0.44124,0.16237,0.54382,918000000,0.078,0.38799998,2155000064,2549000000,822374976,675.53,,5.059,0.06267,,,4813000192,20116000768,4883999744,43.39,USD,82.05,4.038,EQUITY,TDG,17.879,40.52,21.12,55248900,-52.821,10.394,,0.00861,87319748608,2.26,1.56,31.985323,37322289152
221,Parker-Hannifin Corporation,Specialty Industrial Machinery,0.21511,0.1188,0.27993,2226481920,0.121,0.17673999,3289517056,3932960000,-676876480,290.43,-0.132,1.504,0.080010004,96.395,0.22874,489992000,8452177920,15292583936,3.814,USD,118.663,0.515,EQUITY,PH,2.951,13.719,19.53,128515000,66.068,14.345,4.395925,0.0036000002,45129830400,-0.135,1.65,14.870967,37324611584
222,"Old Dominion Freight Line, Inc.",Trucking,0.31419,0.19679001,0.38064,1212605952,0.314,0.26475,1651501056,2000794000,528442880,313.76,0.497,2.981,0.18926,5.51,0.29528,716996992,202747008,5256328192,6.242,USD,45.45,2.835,EQUITY,ODFL,6.502,20.694,10.29,115011000,29.735,8.087,10.551875,0.1248,34175766528,0.469,1.39,30.491741,36085854208
223,Trane Technologies plc,Specialty Industrial Machinery,0.16252,0.09823,0.31876,1788099968,0.064,0.14482,2234099968,3827500000,1518837504,155.58,0.017,1.621,0.06885,74.62,0.21420999,2738800128,4841099776,13746199552,11.53,USD,57.395,1.199,EQUITY,TT,3.524,21.68,6.98,237540000,27.264,5.562,5.706426,0.00427,48435232768,0.013,1.44,22.289398,36956475392
224,Phillips 66,Oil & Gas Refining & Marketing,0.019450001,0.01181,0.08409,6016999936,0.989,0.0056800004,2168000000,9374000000,1870499968,83.85,,1.148,0.00717,71.71,0.073860005,3147000064,15516000256,111475998720,7.177,USD,253.338,0.829,EQUITY,PSX,0.465,23.894,6.89,438201984,41.404,-1.151,2.0251667,0.00354,51802312704,,-1.7,12.169811,36743237632
225,Electronic Arts Inc.,Electronic Gaming & Multimedia,0.22201,0.122729994,0.72967005,1416000000,0.586,0.17495,1420000000,4135000000,1405874944,127.32,0.619,1.315,0.05712,27.94,0.09854999,1972000000,2195000064,6396000256,6.973,USD,22.286,1.165,EQUITY,EA,5.951,26.805,7.53,282808000,27.695,2.715,4.59722,0.0051700003,38062731264,0.589,0.73,16.908365,36007112704
226,"Dollar Tree, Inc.",Discount Stores,0.10316,0.05293,0.2985,2001299968,0.039,0.07585,2683000064,7824600000,837600000,156.41,-0.309,1.252,0.05865,134.864,0.19379999,701400000,9770099712,26008500224,3.118,USD,112.921,0.163,EQUITY,DLTR,1.568,15.199,7.47,224956000,32.212,5.942,4.8556437,0.01338,40778506240,-0.343,1.7,20.938421,35185369088
227,ResMed Inc.,Medical Instruments & Supplies,0.32056,0.14923,0.58412,527062016,0.202,0.28744,1073526976,1889459000,582841984,240.33,0.139,2.541,0.12869,31.398,0.1752,309287008,950105024,3348896000,2.122,USD,23.015,1.459,EQUITY,RMD,10.57,32.974,6.82,145723008,20.767,3.412,11.572687,0.00804,35398701056,0.142,1.75,35.239002,35021611008
228,LyondellBasell Industries NV,Specialty Chemicals,0.18642999,0.12149999,0.19007,7695000064,0.616,0.16007,8608000000,8776000000,4114625024,107.69,-0.145,1.69,0.12806,115.799,0.55903,1488000000,13882000384,46172999680,4.536,USD,138.243,0.927,EQUITY,LYB,0.945,5.067,15.21,332784000,35.369,17.121,3.044757,0.21672001,43612749824,-0.151,0.11,7.0802107,35837509632
229,SBA Communications Corporation,REIT—Specialty,0.66194,0.13091,0.75319,1134455040,0.127,0.34604,1489095040,1590028000,811469120,328.99,1.15,0.682,0.05203,,,187806000,14098338816,2249603072,1.726,USD,20.49,0.515,EQUITY,SBAC,21.956,33.17,3.98,108781000,-45.29,2.606,,0.01219,49392783360,1.118,0.8,82.660805,35787862016
230,Arthur J. Gallagher & Co.,Insurance Brokers,0.24449,0.12168,0.3659,1506099968,0.165,0.17953,1887900032,2510500000,829587520,168.06,0.178,1.298,0.03556,68.386,0.13818,2735099904,5792399872,7721699840,13.195,USD,38.812,0.956,EQUITY,AJG,4.897,20.028,5.97,207278000,40.623,4.622,4.137065,0.00879,37811757056,0.275,2.53,28.150755,34835140608
231,"Yum! Brands, Inc.",Restaurants,0.34948003,0.23922001,0.48086,1706000000,0.084,0.32457,2300999936,3166000000,1037249984,119.62,0.016,1.083,0.22603,,,486000000,12218999808,6584000000,1.682,USD,22.168,0.8,EQUITY,YUM,6.993,20.01,4.95,293132992,-26.718,5.178,,0.0016500001,46043713536,-0.006,1.98,24.165659,35064569856
232,"Ameriprise Financial, Inc.",Asset Management,0.3186,0.20531,0.56446,3324999936,0.18,0.31131,4283000064,7588000000,-6342249984,314.63,3.175,3.219,0.0153,67.564,0.47784,8378999808,3840999936,13443000320,75.656,USD,114.604,2.485,EQUITY,AMP,2.055,6.45,24.64,111890000,50.775,18.396,6.196553,0.00307,27624075264,2.96,0.57,12.769075,35203952640
233,"Align Technology, Inc.",Medical Devices,0.27372,0.19532,0.74264,1172544000,0.236,0.24702999,1081921280,2935355000,796417024,430.44,0.205,1.296,0.11331,2.834,0.22518998,1171341952,102656000,3952583936,14.872,USD,50.085,1.075,EQUITY,ALGN,9.805,35.819,13.42,78853104,44.6,9.278,9.651121,0.06697,38753439744,0.201,1.3,32.074516,33941530624
234,"AvalonBay Communities, Inc.",REIT—Residential,0.59384,0.4437,0.62441003,1169282944,0.026,0.26909,1352054016,1479342000,975169280,247.24,-0.462,1.045,0.01983,73.709,0.09413,325692992,7954226176,2276797952,2.335,USD,16.342,0.483,EQUITY,AVB,18.985,31.969,3.92,139740992,77.382,7.235,3.195058,0.00324,43223908352,-0.466,17.38,63.07143,34549563392
236,Public Service Enterprise Group,Utilities—Diversified,0.33844003,-0.073,0.28419,1763000064,-0.197,0.17766,3068999936,3432000000,-2904124928,68.31,,0.841,0.02034,141.986,-0.04427,1811000064,19975999488,9068000256,3.581,USD,17.992,0.423,EQUITY,PEG,5.683,16.792,3.47,505664000,27.915,-1.315,2.4470713,0.00154,51533746176,,5.44,19.685879,34541907968
237,"T. Rowe Price Group, Inc.",Asset Management,0.51444,0.40183997,0.60985,3452000000,0.132,0.48773998,3946700032,4678700000,2753187584,148.92,-0.045,1.569,0.20188999,3.537,0.31743,1523100032,362700000,7671900160,6.678,USD,33.857,1.569,EQUITY,TROW,4.134,8.037,13.35,229198000,36.523,13.27,4.0774307,0.01585,31718543360,-0.055,1.26,11.155056,34132166656
238,Halliburton Company,Oil & Gas Equipment & Services,0.16520001,0.02792,0.05549,1867000064,0.297,0.10193,2355000064,1040000000,1290749952,38.9,,2.39,0.04335,180.941,0.07599,2632000000,10300999680,14254999552,2.94,USD,16.017,1.56,EQUITY,HAL,2.136,12.927,1.7,895116032,6.355,0.447,6.121165,0.0029300002,30443802624,,0.4,22.882353,34820014080
239,eBay Inc.,Internet Retail,0.29798,1.07049,0.72732,3121999872,0.108,0.25193,3475000064,7798000000,2165750016,57.42,-0.575,3.353,0.07703,85.034,0.28445998,14561000448,9306999808,11662000128,23.26,USD,17.341,2.874,EQUITY,EBAY,3.011,10.106,4.52,626003968,17.291,18.281,3.3208025,0.03967,35116982272,-0.602,1.31,12.70354,35945148416
240,"Verisk Analytics, Inc.",Consulting Services,0.44789,0.23778,0.64252996,1216099968,0.08,0.35978,1319500032,1790700000,820774976,208,0.107,0.507,0.08902001,124.735,0.27185,306700000,3409999872,2945999872,1.903,USD,18.166,0.432,EQUITY,VRSK,13.19,29.448,5.98,161160992,16.816,4.28,12.369172,0.010629999,38857011200,0.086,4.32,34.782608,33521485824